-- phpMyAdmin SQL Dump
-- version 5.2.1
-- https://www.phpmyadmin.net/
--
-- Host: 127.0.0.1:3307
-- Tempo de geração: 06/06/2025 às 07:51
-- Versão do servidor: 10.4.32-MariaDB
-- Versão do PHP: 8.2.12

SET SQL_MODE = "NO_AUTO_VALUE_ON_ZERO";
START TRANSACTION;
SET time_zone = "+00:00";


/*!40101 SET @OLD_CHARACTER_SET_CLIENT=@@CHARACTER_SET_CLIENT */;
/*!40101 SET @OLD_CHARACTER_SET_RESULTS=@@CHARACTER_SET_RESULTS */;
/*!40101 SET @OLD_COLLATION_CONNECTION=@@COLLATION_CONNECTION */;
/*!40101 SET NAMES utf8mb4 */;

--
-- Banco de dados: `if0_37044542_languent`
--

-- --------------------------------------------------------

--
-- Estrutura para tabela `tb_avaliacoes`
--

CREATE TABLE `tb_avaliacoes` (
  `id_avaliacao` int(11) NOT NULL,
  `id_usuario` int(11) NOT NULL,
  `video_id` varchar(20) NOT NULL,
  `tipo` enum('like','dislike') NOT NULL,
  `data_avaliacao` timestamp NOT NULL DEFAULT current_timestamp()
) ENGINE=InnoDB DEFAULT CHARSET=utf8mb4 COLLATE=utf8mb4_general_ci;

--
-- Despejando dados para a tabela `tb_avaliacoes`
--

INSERT INTO `tb_avaliacoes` (`id_avaliacao`, `id_usuario`, `video_id`, `tipo`, `data_avaliacao`) VALUES
(1, 64, 'ashhBavXgAg', 'dislike', '2025-06-03 13:15:46'),
(2, 64, 'ECDgcKIIj4w', 'like', '2025-06-03 13:15:58'),
(3, 64, 'aNP8qk_rp4Q', 'like', '2025-06-03 13:18:56');

-- --------------------------------------------------------

--
-- Estrutura para tabela `tb_lingua`
--

CREATE TABLE `tb_lingua` (
  `id_lingua` int(11) NOT NULL,
  `lingua` varchar(50) NOT NULL
) ENGINE=InnoDB DEFAULT CHARSET=utf8mb4 COLLATE=utf8mb4_unicode_ci;

--
-- Despejando dados para a tabela `tb_lingua`
--

INSERT INTO `tb_lingua` (`id_lingua`, `lingua`) VALUES
(1, 'ingles '),
(2, 'espanhol'),
(3, 'italiano'),
(4, 'frances');

-- --------------------------------------------------------

--
-- Estrutura para tabela `tb_preferencias`
--

CREATE TABLE `tb_preferencias` (
  `id_preferencia` int(11) NOT NULL,
  `preferencia` varchar(50) NOT NULL
) ENGINE=InnoDB DEFAULT CHARSET=utf8mb4 COLLATE=utf8mb4_unicode_ci;

--
-- Despejando dados para a tabela `tb_preferencias`
--

INSERT INTO `tb_preferencias` (`id_preferencia`, `preferencia`) VALUES
(1, 'sports'),
(2, 'movies'),
(3, 'music'),
(4, 'technology'),
(5, 'gastronomy'),
(6, 'literature'),
(7, 'art'),
(8, 'nature');

-- --------------------------------------------------------

--
-- Estrutura para tabela `tb_reset_senha`
--

CREATE TABLE `tb_reset_senha` (
  `id` int(11) NOT NULL,
  `id_usuario` int(11) NOT NULL,
  `token` varchar(64) NOT NULL,
  `expira_em` datetime NOT NULL,
  `criado_em` datetime DEFAULT current_timestamp()
) ENGINE=InnoDB DEFAULT CHARSET=utf8mb4 COLLATE=utf8mb4_general_ci;

--
-- Despejando dados para a tabela `tb_reset_senha`
--

INSERT INTO `tb_reset_senha` (`id`, `id_usuario`, `token`, `expira_em`, `criado_em`) VALUES
(1, 63, 'fa7bfcb08d6c99b88071ebde34f1ac166b2860170297de9bb8930479e03ae58b', '2025-05-20 14:42:55', '2025-05-20 08:42:55'),
(2, 63, '0d42809f646f8d1fc48fe973782c00148737961207fe332737e470625d60f281', '2025-05-20 14:43:13', '2025-05-20 08:43:13'),
(3, 63, '2826ed28d445319d068d7c8d7ebdf349426902b8e27d9c96a5303618b5d29ac7', '2025-05-20 15:24:04', '2025-05-20 09:24:04'),
(4, 63, '4902295a4fff4ac72b92fe38ae688959a370abd0b21b27e2beb7880a7948daa4', '2025-05-20 15:28:56', '2025-05-20 09:28:56'),
(5, 63, '1a9c3d522de63cede68fccf7c6a56eba651028b597f68d156c3fd228f43e5684', '2025-05-20 15:28:58', '2025-05-20 09:28:58'),
(6, 63, '8988ddaafef2249c8de7308bca20a0093725d1f362f2d95d03241c0afe5592ff', '2025-05-20 15:33:08', '2025-05-20 09:33:08'),
(7, 63, '49f25835bdf8d0ead5efe712b26ea9e0ad6a53f91ba34213edee41a6af99e45a', '2025-05-20 15:38:36', '2025-05-20 09:38:36'),
(8, 63, 'a4e2bfdbd3cf33e76c0d6a855f6a1cf133b8dcf063598e2567544a68a488c5bf', '2025-05-20 15:40:18', '2025-05-20 09:40:18'),
(9, 63, '5ff39f54b5f288652d082cce3c8cbb28a28b752ee286b6eacacb2ce2d163a923', '2025-05-20 15:45:04', '2025-05-20 09:45:04'),
(10, 63, 'f9a7dfbfe048a80e1673414b0744907298ee3fe96fde641e2001e65699028343', '2025-05-20 15:51:53', '2025-05-20 09:51:53'),
(11, 63, 'e82cd273eb76bd11acc1a1e19b559a05527420c99bc1dfd52abf0569c9f35cd4', '2025-05-20 15:54:10', '2025-05-20 09:54:10'),
(12, 63, '67cf0249d506a74e98ed7b2375c35a80e1b7000262e38e90aeaa992ad15d910a', '2025-05-20 15:54:30', '2025-05-20 09:54:30'),
(13, 63, 'fb8499cff327acbef91e128986333b84331ce5de2a4d609ea3100ce1eba23886', '2025-05-20 15:57:06', '2025-05-20 09:57:06'),
(14, 63, 'b24effe9c89234439d95937d324adb8d23ee7c74119ed98504d7bea8f03b491b', '2025-05-20 15:59:33', '2025-05-20 09:59:33'),
(15, 63, '21473215807e90684a264324fe5c7d2d946a7273ea518a37d72d6d22e8025dab', '2025-05-20 16:02:43', '2025-05-20 10:02:43'),
(16, 63, 'b88a853b8f85cb6d55ef38d4c8c74a7f0102dff6d6dc9b307fca58366e071fa7', '2025-05-20 16:27:32', '2025-05-20 10:27:32'),
(17, 63, '14a6a9072dc7f2cdd469286634792d24a9fa28d548451d8d23765eab5d321dd1', '2025-05-20 16:43:57', '2025-05-20 10:43:57');

-- --------------------------------------------------------

--
-- Estrutura para tabela `tb_usuario`
--

CREATE TABLE `tb_usuario` (
  `id_usuario` int(11) NOT NULL,
  `nome` varchar(50) NOT NULL,
  `senha` varchar(255) NOT NULL,
  `email` varchar(50) NOT NULL,
  `id_lingua` int(11) DEFAULT NULL,
  `avatar` longblob DEFAULT NULL,
  `avatar_tipo` varchar(50) DEFAULT NULL
) ENGINE=InnoDB DEFAULT CHARSET=utf8mb4 COLLATE=utf8mb4_unicode_ci;

--
-- Despejando dados para a tabela `tb_usuario`
--

INSERT INTO `tb_usuario` (`id_usuario`, `nome`, `senha`, `email`, `id_lingua`, `avatar`, `avatar_tipo`) VALUES
(1, 'teste', 'teste123', 'teste@gmail.com', 1, NULL, NULL),
(10, 'teste1', 'teste1', 'teste1@gmail.com', 4, NULL, NULL),
(13, 'teste2', 'teste123', 'teste2@gmail.com', 4, NULL, NULL),
(18, 'Carlos ', 'SENHA123', 'carlosmota.ti@gmail.com', 1, NULL, NULL),
(19, 'valdemir', 'senha123', 'valdemir@gmail.com', 1, NULL, NULL),
(20, 'Paulo ', '2121', 'anderline360321@gmail.com', NULL, NULL, NULL),
(21, 'Paulo ', '2121', 'anderline360321@gmail.com', NULL, NULL, NULL),
(22, 'Geovane Saraiva Barros ', 'Languentgeo@159', 'geovanesaraivabarros@gmail.com', NULL, NULL, NULL),
(23, 'Geovane Saraiva Barros ', 'Languentgeo@159', 'geovanesaraivabarros@gmail.com', NULL, NULL, NULL),
(24, 'Geovane Saraiva Barros ', 'Languentgeo@159', 'geovanesaraivabarros@gmail.com', NULL, NULL, NULL),
(25, 'Geovane Saraiva Barros ', 'Languentgeo@159', 'geovanesaraivabarros@gmail.com', NULL, NULL, NULL),
(26, 'Geovane Saraiva Barros ', 'Ingles123', 'geovanesaraivabarros@gmail.com', 1, NULL, NULL),
(27, 'GigicaSB', 'Ceubgeo159', 'geovane.sb@Sempreceub.com', NULL, NULL, NULL),
(28, 'GigicaSB', 'Ceubgeo159', 'geovane.sb@sempreceub.com', NULL, NULL, NULL),
(29, 'GigicaSB', 'Ceub123', 'geovane.sb@Sempreceub.com', NULL, NULL, NULL),
(30, 'GigicaSB', 'Ceub@159', 'geovane.sb@sempreceub.com', NULL, NULL, NULL),
(31, 'GigicaSB', 'Ceub@15915', 'geovane.sb@sempreceub.com', NULL, NULL, NULL),
(32, 'GigicaSB', 'Ceub@159159', 'geovane.sb@sempreceub.com', NULL, NULL, NULL),
(33, 'GigicaSB', 'Ceub@159159159', 'geovane.sb@sempreceub.com', NULL, NULL, NULL),
(34, 'GigicaSB', 'gigica', 'geovane.sb@sempreceub.com', NULL, NULL, NULL),
(35, 'GigicaSB', 'gigica123', 'geovane.sb@sempreceub.com', NULL, NULL, NULL),
(36, 'GigicaSB', 'gigica@123', 'geovane.sb@sempreceub.com', NULL, NULL, NULL),
(37, 'GigicaSB', 'Gigica@123', 'geovane.sb@sempreceub.com', NULL, NULL, NULL),
(38, 'GigicaSB', '12345678', 'geovane.sb@sempreceub.com', NULL, NULL, NULL),
(39, 'GigicaSB', 'Sasque123', 'geovane.sb@sempreceub.com', NULL, NULL, NULL),
(40, 'GigicaSB', 'Sasque123', 'geovane.sb@sempreceubcom', NULL, NULL, NULL),
(41, 'GigicaSB', 'Sasque123', 'geovane.sb@fodase.com', NULL, NULL, NULL),
(42, 'GustavoTeste', 'teste', 'gustavoteste@gmail.com', NULL, NULL, NULL),
(43, 'GigicaSB', 'geo', 'geovane.sb@sempreceub.com', 1, NULL, NULL),
(44, 'GigicaSB', 'geo', 'a@sempreceub.com', NULL, NULL, NULL),
(45, 'GigicaSB', 'geo', 'a@sempreceub', NULL, NULL, NULL),
(46, 'GigicaSB', 'geo', 'a@sempreceub', NULL, NULL, NULL),
(47, 'Paulo', 's>#yES_-6uN3XM;', 'Paulo.israel@sempreceub.com', 1, NULL, NULL),
(48, 'AAAAAa', 's>#yES_-6uN3XM;', 'Felipe@gmail.com', 1, NULL, NULL),
(49, 'Eduardo', '1234567', 'jose@a', NULL, NULL, NULL),
(50, 'Ellen', 'geovane', 'ellenwendiaaraujo@icloud.com', 1, NULL, NULL),
(51, 'Neymar', 'neymar123', 'neymar@gmail.com', NULL, NULL, NULL),
(52, 'Luan', 'a', 'luan@gmail.com', NULL, NULL, NULL),
(53, 'Luan', '123445', 'luan@gmail.com', NULL, NULL, NULL),
(54, 'Gabriel', 'gabriel', 'gabriel@gmail.com', NULL, NULL, NULL),
(55, 'gabriel', '1234567', 'gabriel@gmail.com', NULL, NULL, NULL),
(58, 'teste4', '$2y$10$pkKQDXjJfl3qvHwH3Jb49udxup9Q70ibq.ygu9eyhuaznHZrEh2Hm', 'teste4@gmail.com', 2, NULL, NULL),
(60, 'teste5', '$2y$10$C5zUj96hndsfWl4WChGMiuayV4bCGxXstwpH2/rxMBoLUO9LEFMXK', 'teste5@gmail.com', 4, 0xffd8ffe000104a46494600010100000100010000ffdb00430006040506050406060506070706080a100a0a09090a140e0f0c1017141818171416161a1d251f1a1b231c1616202c20232627292a29191f2d302d283025282928ffdb0043010707070a080a130a0a13281a161a2828282828282828282828282828282828282828282828282828282828282828282828282828282828282828282828282828ffc200110801df01e103012200021101031101ffc4001c0001000105010100000000000000000000000102040506070308ffc4001a010100030101010000000000000000000000010203040506ffda000c03010002100310000001ea800000000000000000002883d00000000000000000000000000000000000000000000e4bd6be7dcfaed6abe65f49edb9e8d33cfddbd78e744d3c0cf8d39c000000000000000000000000000000000000001c87af60ebb71daad6eb0fb14a1a65f27ab5d538ba1eddcc36bdfe6f641af28000000000000000000000000000000003c755e554eaeaf8ae7ded4f5b7abde73316ec398e2f7ef3b23a56f7af3ab12a6aafbe09bad9750bfaf1f5fbee77d13a3e542f90000000000000000000000000000003c7d87cdf93d8b56e7fa6b8263d5804dc5b119fb8d626bc95f866fc58e354576f44137dd3792e767c7ebc3a3e700000000000000000000000000000000a395758574f9e6ebace8f97bdafc4535f52b0d407af9117768292834ae6845369cff3fbd9f23ab6438ce46fe675569db6ebc7e826a00000000000000000000000000000d7a2739c97156797b36f769a7ba0d00000015522eb2faffad31da30d46c75f2fcb7fd135bd7cfed8e5fd2f7e2f516cc0000000000000000000000011e5c8abb66744afd31fa44a63bc16000013120100026e6d6623319fd32ea9c7b0ebf9cc8c799b0e7b8ded5d3e76f435e500000000000000000000059f8717a74dde3d565f4f223a522c000000981289200000981ed97c1fa572de71569b1e5e3637a6731c6f4f0761515efc2000000000000000000b4b8e295df1fe71e98fd3aa898ea48b0240000000000000000f5d835af6ae3bee2f1db365e36b9d6b9b53d3c1d306fc40000000000000003588b6b1a3d1ed8fd24d74d71e84931a02400000000000000131222604c0f7d9355baa73ef389af2f9f8b63d0b93eddd7c3b50d7900000000000000b7e0db56a18fad54a6bedd554551b26257048000000000000002aa6498aa114a61298196d834cce65c1b5e99b5d51e4edb77c83aff6f9c16c8000000000063327cbabae8f7771e197bfe44c7755544c6c91700000000000000001302a40260804dcdad511b6e6b52d831f171db2343d783b4bcfd3afce000000000028e01d7b9167df94b2c9583d2b49a6acfd2ae6263690b00000001658ec8e2ade1de5c62ccf39edaefa3ab3cc4dc475df3cbd63a812026240113e68ad636d3cb9cbfd2a23cddba9d4f748e3daba0712ed9b7348d39800000000397e028bfa7a9e58aca6263bbceaa6acfd1ae6263690b000000016789cbe22de184f08003d3cc9bebac3a3ab60ab5ef575e7189f08d333698d89e4f7f184f102a036dd4b67ab64db2df55ac7591d5e78000001e7cf22dd1d16b35e139fd6766a7af698ac9e2ebdd15d15d3bab9898da42c00000005b61b3585b78813c0000000000000000d875eced67aa691b9e0b0bf4baf5ed87bbcc09a8000d22275de75319f774bdebe7be8539eb1b060f376ecc7e3efb1d9fa15574555ebf49a6a8da42e00000007861361f09f3f0acb794f0e39d6aeafe6f1b768a0e34ea5cb62e64fd5387750f09af366d59c89e72dab544cb37b92bcc9d9eb9af15769d3234d273546733efddedbdbd39f9ac7a0f26eb3ddc217c0002cbe79fa4ec6bafcdeeedad577e5d5ec180aed9ecce1f31aeb8cb0c8e372f426ba2aaf57a55454da66945aa0b0a104273ae7ceb8bc859134a29f1f6f19e6ee17fae67fa3e3ee669a91a9f0cfa5b82537b563fa1c69d6a51a72681bce85bd575e65cdfbdf0c8d2fba9728fa095bc17c1cc7a771ca766132f87cdf3fd36d37b617d8f87a875fe49d6fb78834e601a4eedc62ba63f62e6ca75770d8be6dae73fa6f4ae759798c3e67099bb7763b1b95c667dd4554cd7abd2aa2a8da1128f49a6a8da9a662680aa609f444c6aa6aa514c4a72da3a4f07ec3a7cbec1e969efa717a515498bca292ad6b116fe7776a9d53118fe3e8dfbcb4bdbfd8f3ae3de99d7295305bf07dbb53c7dbab3d82d832f533f7f657d8f8ba975de57d53b78c34e6028f9c7b370ca74853a0b8dbe6ba44f60d8a73e2db261b356ebb3c5e63171d56930cfb6baa8ae3689995aa9235a22aa67304015c91b22479aaa6728a6b30e91b4f06bebf8bdc2ae4336e5eb3a161f33e5747bdc5a57e2755e556ded94fb62727e9d156cfa9e99f47c3d5f9c6a53bf6795c15f66ada35cd873cb39738fa73f22cfa8e87be76f9e17c0789c9741baddf2edd43a66f5ed7e7b7b8b7e4f35e93cdf42a69d37bb76a1b13aaf2c325677d30cae8c7d27a79d51a7a55454daa9a663451e908a04d152a8b02e029a88f355139c24864a8d97cce09aa1e5f2cd544c3d7dadabaaf7d2d6e31b7bd5e1efd59f36b4eadccfddebb4a95747a77394c7dee7cf7d61ed888e1ea9b078fb76fcf84d5a4eed6916d3f7b10131c8b9f7d09f3ee7d74ded97668be4792fd03c22632b6fed469d58ab4c8e3f1f45308dbd2af3aa35f49a6635a912b0240000007a9e573e798e3f3f275d9fa791c170f2f4aa4426bf3ae1eb7369ef9cdccd35636bdb5a72dea73721a378d23d6f5bdfd2d6ad7aaeee709d46de4edc3a7e7c000001c63b3eaf5d3907d0bccfa72cd037ff09a711bdc5652beb5b58646cabd56b28af54d744ade9579d51b5734d517944ac09005e2b6779b667e3ccd5763b94795e7aa6deae7a52f6dfc9eeb2f2ce4633836628bb15193998c75cdcc56deb70d76edb2f744b9b4748e67e967d94f1b7cee07abd2baee3aeec7d3f3a17e600000079fa0c5e5000e7ba277ae199fa13e1ebe35f4ede9f4f38e9944a66bf3aa2fe93454d6b53317a905a6bbadda3930db5d531e04a0c25025123079c45b48c8e6355f37b724b7b8f3f4535504b1575db5b1cd672e3d2e611a6088f2963f1789ec7a5bd46dc6000000000000c2e6913f3b7bf53e458fb7714cc3d080999a64aaaf3aa34aeaf3a97af3375b757ce8b8f3aa3c6a904548128152992502604ebd89ddd96da4de6d289b7b888db0aa28a663d28f1b72e34ef2eab7bd19536e409800000000000001a8edc8b7ce9e9da38de3ecf9a8ade88253158da233b1e65c7a5a7ac79b73e96959773e1313ef3e5515a942b8882a9a12a940ae28a0f68f1f32e28b7a65ebe7e7834e635bbaea379b5c91af284c00000000000000000b4bb1c874efa3f059f7713ab6bd429ea7b6d785dba396b427ceaabf343de7c2b4fb4f8547b57e085d4da497355a49754db0b8a3c60f5a68a0f68f0b299c85a60724d315b9ed37dae417e7000000000000000000000016d72347d37b529d1c32efb3e2ab6e7f7f94c2c4dd30fe5139dab5ca21b3356f6365a7054a3628d6c9d8a703e92cd785ae66635eb2e9d979af25dbf6c5a94565f100000000000000000000000000000000003ce3d451350a6a000000000000000000000000000000000000000000000000000000000000000003ffc400311000010401020504010402010500000000020001030405061110122030401314215031152232331624233436416070ffda0008010100010502ff00d5dc845318bfdde673560ac7fcb2a68cd9417af567a3a8c49e290250fb7c887a791e2c026f59ad527c5e4e2bc3f6daaeb7a5785f76e356cb83cb0359587ca3ceff006b99a7ef68c4eecfd104af19cb18dd6c35ff00741f5d2ca1084fa829468b53c49b53c6a3d49509e1cad2950909b6a3c5173817337441314472ee4a9590b75beb335991a4a69a7b86310b2d9b83336f1c354d4548810652f5457a1826712626e8ab3bc274a76a777eae6e6688dc8e466d9ba5a62650640c5c82a5a2b94e7a8425ccdd0d273c383b7eee8fd5ea4c63c12c47bb762bdd28da6aa12212dfa70367db64feacc58c72f83381c25ec81b815b906c747c6e51ba87377a3516a0aeabddaf63eaf2187ad7558d3f6e15234b09318bf746476779b9ddea41228ac64a9b53cfd699018c83f532f2726667c713c605dd67424a3b2e2a58a0b40552dd17a5a8dc555b50da0fa6c9e560a2d76f59c8188b3780c480f6514c2cd62082c34b8f9eb163b5090bc5204a1f44efb365f3aeeec1bbf861272a1976686c0b8cf520b831cb730f2e33270df0fa09a50863cbe5e4bc403cade2b3a691d412b02dd9e2b38e384b0f9c19fcfb7662ab0e4afcb92959b6f2799d5797f7569049f278d69d61734f13b3eede5dfbb15282edb9b213b796ceab49f114cceb27406c8e1f2f252302130f26dd80ab5ee5996fd86f340b94a0959466b2741ad0e0f2674a56f96f1cc980731902c8596f3d89d9ea4bfba32f8c9516b71e0726501f8fa9b25ce85b66fa002d95599dd80be72949ad069fcb6ede2e7b23ec6b07d1c67b3407fb41d6629732c0647ded7f0ec4c104372c15eb9f49524d8a1340ad0162ef55b01660f0b54def52711e56fa467d95797fe388f756611b30612d9636ff008392b2d5290f34b27fe3e9622d8eb193b83ace556960d397fddd4f03575ae69220e5889be9ea4df303fed6d9db9cf11948c98c3bc64c013ca572fbb236dbc1b5fc049c534e49ac326941fc212e54d9086252e6a4da0797235749dbe783bda866f4715407737527836bf8740990a19c990d864d20bf6c8c4515864539bafcf1d32fff00333fe999917e66eeeb09b792a072c04a4fe5e05afebec0990a1b04867074cecfd046228ac2294cbaf4dbff00b79f839ebe9db5ee71dddd407eae5dbe04d1fe5377ecff005f71a4365eb9ecf213f6b4fbff00ba62d245a6e57ab93eecc4f3e45489fc1b3fd5e460dffde0fc6585eb64632630ec48631847a905f24ceced6cb96ad36dec3a93e1b8377ec7f579185ffaf059e0e6a5809bd6c5f6353659a675a672dcaf992e4c5e3ffb9d4a9fc19bfabc8c3bed7c164479e868f3debf5ea6c97b4838c796f7183c6ff3253fe3c176ddbd105e8829221668f4fd328db4e525fe3745169aa4eaf606954a8b1f4a5bf38d3e4c8ff8b27d2d223c398e4c74bc8eb338b1c6829b19621a18bc2d2bd4874d5265fe39457f8dd159cc7414ac3420b1f100c91a9479e1d227b5eeabb606ad5b539d9b1c47f38dfe44a5f0df84aa17dc1b8ea8677c3aa3726a533cd2d9bcdf8563f76a915acd9fd752642c494f48effa5f1d58ff00edaa5bbb8265a719c737d5f95254af229b038f9159d2ecade1aed64df9c6a252ff001eadfb0dd0fc25fe1889bd6c78f1b108d883278e9a84cb4ce2ccac70c79b59ce8acde3ff0050a73c3241252a735c969c0356b71d412fab97543e103a65876e5d47d3aaad957a55f397e16afaa0d943a86848d05a82765a929c0f471a894a9fb2fd97e0ff002da62cec6c9b8988988e3a989f0cbe442bc18c32a56eadb86c2652c314ca28a38878da986bd7627964543f11a658cffb97a756cfea64b88bb8bd7cd5e8158cf95ba38d7fde4a547f9ea6e0fd97e2c6504f8eb81720674cfd0eeccd7b2325a3af523896ccea5a719a0bd6a9aad662b01c775a9723ea90b6c2a937c46dc302dcd9fe832600b937b8b7d541f69dd13295be7b0fd4dd4edbb56b12d29a8662bd96674ceb7524a3185bb52644a2618c59f8b3a9291c45432a32beea79e3843299e791a30db832affd71a77d9b4a339dee8d4d67dbe2f8c30c93155d396e568b4c55155f154abab81edf2e894add97ef3c4ca1b772bb0e6ef327cd5f240562e26f86dd6eb74cfc04b95ee528ee058b37e147ea4ae22cdc626dca37e550932b87c95b48c5b53e8d5d6bd4b8a9529ee1d0d370c6d0c31c02af646b521bba96791ce5398e37e60252b779bb9560f51d9b66e2ce99d33f002e57b95a3b915980e09383285b778d0ac99ed57001e9e278cd234515994ac58c3e9f3994310431ab13c75e2ca6a19a677772751c46f0d12de0746c8bc8ad0faa42cc2dd42e9b8447caf76a85b8ac4270c9c23dd840d97a82b20fea1421e9c3c7545821ab83c18d5e8d5ed3b5be14eb9dab1631d186168172cae894adf3e34113ca602c03d6c878c04b2351ad444ce2498b6663d919eeb0717bdcb743d78decf46629b5ea24ce2eb4ad1f6f5165a1f6794df767527cb78918148463c850cf0c61ee625eb4698c1d6edd429b837c207e61ccd3e76e331728699a9ede876b55d4f42fe2aa3ddbc22c22b56d5e78299f344e8d91b7850d79665531bb1c70c609e3075729fb7208e0919eac49e98af6acbd0265e9cecb7b2cbd7b029ae9b20c8321c8c486f40e86c444a09879bf2b275bdb59f4f7158cabfa86405985bb5a8eb7b8c5e8dadc6788668658ca85f44ff05e0415e599eb632304ccccdd17293c650cc32b2d972ae57e8f4a37418f85dae0d607ad4a5b0cf8cb0cbd0bd1a9cac9b631f72bc2f1cd82a3eca9f6e41e78f1951a953e3aae973c75a4e612449fba02e654b1c84585baeed169504ce25d1cacb911985753599adbd3c6b02fc74642c8d5834e5079e6f04c58c3294cb1d77998c5d3f72b5739cea540afdbb55a3b032473d2514a1271331063b46650632491e18638478ee8c984584f33928a318a3f0b2d446fd5763ad3772a5292650c6310771fe559c6813bfbb81d9adcca1c5eea182385ba1dd1130b4a53656d6368c7420f133b896ba1fba23ed50a5cccdf0dbf89ba725cca595805ca7cb58c7d38e941e366f10374498e093b14e9b3332dd6fc375bf777e2ee9df84b2844023672f3d0a715283c8cae2e1be172acd46662dfa445c9e956114c99f86e99d33add6fd8dd6eb74eeb9973add6eb75732010b50c5d8c91c10c75e2f2ad568ad4794c0cb5d313b267df8333bbd4acd1f43746eb74c4b99732dd732e6f9e65ccb75bf1dd3ba9e70847dc58bf262b031d7f3eee2aadb57b4ecf12906584b1f2c22e24c4dd3badd6fd5bf0dd6fc775ba96d4312f776ad155c159b454ea43522fa19e08a71b5a72b1b4b88c85576b5721419514176b9a1312e8675bf0dd6fc775badd1ca02c7918017bcb133c38ac95b2a782ab0200101fa676dd4f8ea9331e9da6ec7a64d9161f29127ad978d7364813dcb42bf53264d9315fa8c68b222cbf524d6ed12df252a6c6e5a641a72c9a874dd61506369c09999bec9c05d7a60b9056ccb66ffea1ffc4002f110001030204050401040301000000000001000203041110122131051320324122304042512333617114506081ffda0008010301013f01ff005748c0e76a9b46c03553f0c8dc345353ba3f9903f23eea27e76df0a8a40fd5bbaa88321bfc88291d2a67081f6478433c152d06454550e80e57ec81b8b8c2aa9b9a2e3752c7cb75be3f0f95aec4b41dd49451bb51a2619298d9dda9ae0e1718713a5ccce637e3c52ba3370a9f8ab4e8f4c998fed38eea389b1f6e0f6661652f0b6fd549445bb2731cddfe2b5a5c6c15270e77738a8d8182c3ae4843d4d4e59b27d334eda2922747bfc286074c6cd54d44c846bed1683ba9698393e3b69e14b4f6d59f029e99d3154f4ed85b61eec91870534458eb852c19bd4cf7a084cceb2821118b043de962cea688c654f166f5b7dc6b4b8d82a4a7113537e04f0e709edc854f17ddbedd041f62821f06a61bea8e8755347cb3ecc2ccefb286c9a87c170b85531d8a7b33b72fb348db02e509d5350ebae244d709959337ca67123f70995d0bbcd907076dd2481a94fae89be6ea6ac326c15f5baa9659d9879f61832c602a74d43af887eef40246c995b2b7cdd37890fb04ee2318d82938848eedd139ee7eae3d12b73467f8ea0d2edb077e153ec9a875f11fddff00cf706e86e9c329b743466364d6e516463f50213bb943b26a1d7574ae99c0b53a8a468bae735739a9af0ed9660b9ad45ed08381d919005cf6a89c2576408d13da3314edd548b487a2378621334a6104e88f728764d415f026cae9a702a517614e1636c223e13ac35c25f03f8511d2ca522d6c281b79c294fe994e555df8c42ee463694601e1322735c0a777284e88207008f43b6c2b6031befd10d27d9ea6a76c9aa921747be3c2e0b7acaa8fdb28aaaeec601e702e037467684e37d540700ad81c463340d946aa5e18f1dabfc197f0a1a611eaedf1736fb2753079f468a0e18777a63030582a9176d965d5541bc871d236ea9d313b26b0bd3610375bb5446c826940e046006245d5b09e6cda0e97b3ec3754b557f4b900a6d539b61729c6e49c1a6c6e9ce2ed4e10bae2c9eeca152baf7694d511b8c0143ac9b6eaa27bfa5bd720ca730549539c6528b42e23208db947546eb394ceb9b28df91d997f214470050287439c1a2e54fc4da348f552d4c929f514c90b0a6bf30b8572b3159966083c13609c59da4a8865370532ac6a1caaa7e73efd7be1492dc642988600a055f0a9ac641a7953543e63777435c5a6e13240ff00ef17656f727cfe1ba6323b96dcbe4fb40969b854b501e3a0140aaae2197d31a26fa9eb6cee1ba350e3b2bdf12793fda249373edb5e586e1535587685037db0baaaacbfa19ee341768139e22db5289bea7ddbd9435a5bdca3aa6bd55d413e96eded804ecb961bde53e7fab341f09b52f6efaae7b0f7357e91f2b963c382e515c97ae53ff0b94e5cbfc947963ecb9ac1b04e9dceff0087ffc40029110001030206020203000300000000000001000211033104101221304020413251051342506061ffda0008010201013f01ff0016f396a2135e1ddc7091996fb0a9d4d5b760be16b2b595fbbed183b8cc8f6131da875c88ce169fa5317cd9b1eb9128b48e0d6e08561ed033d5b273a780b5496a6d6fb40cf48ba1133c508b50716a6549e839d1cc42b26549bf338c741cd95654ea4edc84c299e8b82b2a6f9e3719e9b8269829ae91c2e3014474ca21527470bb7309dc2142851e70b44a2001b2a6647037724a7f08f1850a14783eca8bbca72a764ee11c8eb269dd0f12a764cf8a770852b495a54285a4a850a169444271db265bc0895a514cf8a3caecda8a193ec9d6ca9db32a56a44c84cf8a771b0faf0c57e41947617543f2dbc3c2a755b53e39bcc94fb654ed9bb3d2a9da13b903fed7ec0b198efe29a22510b0f89344ff00c547141c3745f393f265b3ba0d44c22e54ee9dcb8bc57f2dcc8442c362341d26ca955f472721743c5c8094ed8ca28f1e26ab808622c77b0a3370cb095b50d27d2a4f9d9426377f229a88909a76478672734384155a9d4a4763b215debf715ac7b6a2691bb50c253789dd3701a4ea6941a4269909a2385db19479089baaf83f6c4411b1427d2a18671ddc9b4c0cd8df7c644733e8b1f74ca0c65bc1ad9e422511a7a2d6cf3967d2b5f96e833efa4581685a4adfcb495a10601fe8ff00ffc4003f1000010203030905050704020300000000010002031121041231101320224041516171233032505242628191a11433728292a2c12443b1d105606370b2ffda0008010100063f02ff00abeb10151cdf9f9dc48301d9b86d3298c4a9b9ce7752b15d9c67cb81aa0db632e1f53507c270734ef1e711da7d674359672c4f25bbe1952f0461e261f376c61e1883ea81d095167ecaecdda1bbc2fb3daf52d2dfdde6ce60f18ab7aa2c7508d19ce4af30dcb432ad7230a36ada61f8871e7e5f7a2bdac6f12b54ba21f742d5b3bfe6ab6677ea5aec88df82d5b4307e2a29b48239236cb30e6f6ff3a4082532d765fbf87fb8264587bf11c0f96e6a0eb47fa355e8cf2eeaab55864a80b5c4ba2bd62b5b9878295b60e7a1fada8dabfe34cc62f85bc2a68f24d20ff4d68c793bcb1f73c52a225e7589af71da555e6f6513d4da2be7599ea1a4613be09b7bef19aaef2c369823b27f8bdd2a5bfb9bafd66f028c4b163be19fe1703c34434f8236afc7cb0b5e0169c4146358e6e87e9de149f43dc821075dbb17d437e882d7488a8527b61c61f22a568871609e626bb18cc7729f95de233713d4d53b3b9b15bf2576d109cc3cc2a1ef415afadd54e138b1dc94d8ff00b442e055d8f380fe782bcc7070e23ca8e76edddf7916592ce1d13d6da0553dfe14286700bc778c5672c715c472572db0ff00337fd2bd02207793c9c6fc5f40538aebb0f73060a9b134176b15da341e63159db23c9970c50876e131eb18a0f86e0e69de3c8e6518161f8c4ff4af3ccddb2715cd54c8a248baff00505433867f495abab137b0f9098915c1ac1bca30a04d903ffada25c55c38abb1007b167ec0e34ac86210836bd48b85edc76f31233a4d0abab0460d54da6a86f1c16a5118b0291787142cd6e9d281e777553186d862453d1bc55f8a75773770db77023eab1462329147ee598b4ccc1e78b50730cda703b53e2c43aad462c534dc386dd34d0d14df92fc3908dfe57d96d5f773dfecaa6d05ce3268c4a90a406787fdf905156755cd5e6fde8c39afb15b292a349ddcb68fb1c0e3ae7f8f2301d8e4bf0c76c3ea8592d6488828d71dfcb66930f6cff0f2e6af3b13e482b93ed10476831015d89f7d0f1e7cf647c58864d68994f8cfdfbb80f25a9f9aae465a604ee1387f09b16119b5db18b3433aacf1733e4f27548413a13f7fd13acf683286e323c8f1d8a24598981abd53a23ea673f27056b532679a35d9f50ae3cce2c3a1e9b0c3b337d9d67203ca0df39738c6f667ea135edc089f7ee73b00269d11dedbb631d550aad5542c7629ce48e24f25284c0de66aa3e75f79f0f59a9f6679d6655bd3bf8b2c5daa8bb86c63ae8d0aad5542a1eeea5504d7055cb187ba9aeadc067f0408c0f7d0208380bc50e75d8fe3dcd0aa89aad150e854ad50b1d37fe14228c59fe13013af0f54f7d1b91ba87907896e553dd1fc29cd381124fb33f07d3e3df3dc6a5cfd90ed3f94e485696efaa6b86044fb92f79934549575c2564c03b7f553150a33b830a6ec87696f4392f7a5ca09dedd53dc9b259cea0f1bb8e46d8ed069ec3bf85693ee23d36476d2cf8e48c3dd51d9c1d3ee33108f6d1063e91a11ecf18f6ed1427da09dd36491582c151366624e5c56317f52feefea547451f151233e2463747119335025394ccd0b2da8e6eb7491554b57ec54b4b7f4a163ceb6644ef4956d2dfd2a1f6d7defdd2c8cb5bc3734ee7550e35e8a09c44f7aa98a7f32fee7ea5fddfd4a1360debaf13a9582bcd66b647b7885159c59a71233f0684f8b14cdce3a2fc986ca3aa69e5a1125b883933b00c9d292115e6f4573865872f6595c96676eba7232caf7f62dc0233c2f99685987ba723a595cde4eee35e0433f957dcdcfc257f4d1fe0f0a6e845cde2cae47ed105dca4741f0a2785c24516bda4b3d97ee3905a6d0c9436f867bce5b6469f875464ba3ef5b5622c8cc2c70dc50640613c4ee0a1c1660d12d070184317721caf1f8b498c86e2d7c4762382033d7c7be268fda20077e0325acf7433c1c14e0c563fa1c9123e68675b2d609fb43ecce38eb3746ebc0238157db66841dd32be1b1d38e44801b936299dc3472ec9e0f2c9dac36bfa8576131ac1c00d07c57e0d134f88ec5c6790aae4a7177f8d210c1a436cbe3a136920aa462e1c1f5512046822f3bda694e1cb2d7656c587420cd088cc7da1c34a64c82306c3466f7a99d77f13926cecdfea6a1f6a19d85eb0af427070d1fb2c13aa3c478952c832c73c2f68973b0155162fadc4e9f51969b35f847fd1403ce6a2703a05ef3268deae3352cc3f72bac121a12350772cfff00c7b8b5dbd8b3768ece37d0e42f8af0d68e28c2b1cc34e2fdea671ca38e5b4c5dd2fe745e078a26a0d094286e79f74206296c21cf15da4488ff00a2d4b3b27c5d5511bc1f969b3d14a14675de0aa187f2aa5c1f957f5115ce6290c34a615e6eac5e2b34633da429c688e7752a9a1cd553dd3dca2c4f53b45b0078610af5c976cf0cbb9ee083ad6738ff0048c15d82c6b07219271a209fa46288b2b4426f13528c488e2e79de534f11b64cf85487735c7739164415d32389503989e83e23b0689a8915de2799a116da0b21ee66f283213435a370c86246786b06f28b2c9d943f56f2a6e33391d1437b30644a970dafdddea430eeb9291c7714591049c34a1436d6698cf4896836cd0a662c73290e0846b500e8db86e6e832f38e608d51cf2b20c3c5c7e49f6584dc1b3ea5169dfb54861bd49b877974affc83c2516b8488d10f70d487ada22396ce281741e1a2f87ed62dea883423267dfe38b87219220184ef0e881d9c35a2a55d38ef5204fc978978c2a387cfbb9acfc3c4788687557dde38badf0eef3ad1a916bf150e0ee353d106b68053232d0d15651dd14b78d97b36cc71538c2616ab42ab5a7e08c584cbd0b7b7829b5a160b7af11548855227d5633551f455685567d5543978a5d42a446fcd51c2479e420781d50a6cd6e3cb2359fdb6d5dd10028077713d50f5c28d693f81b95f0dfe170927c27ee32d8f51b4e2818bacefa29012d1cf597e2c5c1dc3b8ab029bc4be2a500b9c7e8a6d126f12a974f42a99cf839011f3865c42741349d4230b177242f0ed5f57778e69c089264015962741b6a60ab68ee8ae9c46c12689957a38e8153b8ce42d58bfe566ed02e3f4e710d77057180cbd215e8facef4e897c85ff00657db6d1500eacf79d88b5c26d342a5ec1ab4f2531df49a3e2a78bb79eee4f15dc56b6bc2e2b54e5d632576ced3357ad0e972dea50db2d12e719008319484ddfc026b1824d6890d8cb0d1e2ad29d0e2091188ef43b0620c6090ef6aaf4039b77d149f0cbc715a90ee853b43e67805286d034af2167b3fdd6f72cdc3a9deee3b2e7215238fdc8b220208dddd87c514dc3692f77842cc59e90b8ff00b421c31d4f1d9f39064db40fdc8c38ad2d70c41ee5af89f2da6f3c8002cdc0d5b38c4a10e08ea78ed35d58bb9eae466cb81dc74a41079faecd5cb2649efe0846b612c83b871421c1686b470daee47607355fb2de8b0f86f0a472c862838f8b689c4749666c90cd50896a9448bc370dbc97c3baff005368517598e75bc37abb158e69e614e219394da411b36b3c4f80576c905dd6534225b5f701ddbd064060038f1f22bb1a1b5e3985d839d0ddf30a6c6970e30caed61ba5ef356bc323a2fbc9755aae07be9b9ed1f1547177452b359dc7e135dbbb34de67f8538833cff79498d0d1cbc9ea8df80cea0496ae71a7aaec6d23e216a3ef747afbb73be456b599c7f22d7b29f915ad03eaab09ebc113e4a90a22a4088b56c8ff00915d9d95cdf82d6d4fcd25db5a5a3eabb57c47fd16a40675226a83ccaad1f25e06fc97847c960161ff00b43fffc4002c100100020102040407010101010000000001001121314110516171203081a1405091b1c1d1f0e1f16070ffda0008010100013f21ff00cbfbe2353565dbe76b8717e69153b82e9922af461c50372bf467af1c8f5269b1e4b3e70fb3fef4306388106264455e60cadb0f9a3b7cdd016ebb3f89d44e234dc0a902ef29bb345bd6232d16707faf9b57635f824ac68f84407d442f8443ac53ba27f63e5ed08376a369e9e3eacdc2ee497314e82003a9d187e4392b7bceb9695cc846cbec877efbf84218d1ed0deeb321eb134d23d4dc3e5a924559bf73ac6adfab0762734207a0fa4a3913565e9307679aa94ecda275fa4c6ff5185afa2fae1ca581784836c6728d726d3ebf2c4969bf55473cdc4eb708034f08a42eaf4d3a4717ad7299e9b7329c9767d7942b0f096854cb932f4efebe6ff2cb0ea580fe0666da3c814d1a951b9f9259aad512c2223aad4f0aa1df74d9fdd7e58345281861dba94e7b3cc99201d3c868e91b8d63daa7bb8e225d575b4a96484e4c601adc8606e4e04d6e7932fa7caeeacbebf737967c88d5f4786863493cc1486cc2692b105b150f662c7243e0ef2fee3807f1b30e2eeed9f2a17304d8a9cfe004bd3780ca872f3508e64748fdb42d369597d06c25054d4d7f4de57294c254fac5317b8393b9f275fc80b9f5e52c0fa247ee682f807aa61acebb4c45ce72e4e13559f96747f736f8d461dc9a6c893e460880195639bd03f9f588aa6caadfc1dc76287742c6d36ee60506b082269adeb2ef72d35fd2ccf34ea33e9cfe427e06d85189f47bbf506a35e7f0dc8c4fb8274cfabbc5d4a338d60168d43e873971cd12c7e97e3c1f7d62f225b6fa7df77ac21431f00f9172c6d4b2ed1c5a2d020325ef0206f274ff00710116dd3a200905689f199b1ed6af9115563a5a1051469f16e556d14c55adb842b4391804d6bc7b21ac92bf8e90d616c37f8aa2305f7794575f467910d1887c626e2255b7e179966251c06eece52a723a0ea7fa880508e89f10168369b113ad841cfaa1000d21f1c6174f494ab7b99888b8d081e5f6305db77ddcf8806b5861f38c7421f1f7f4bf59eb10b82d2623071d3ca02097dd4ebf0c14ad3100aa979ade01f21672f1ca1d2dd749f5e295c65de75ef33f620e9fc23232626ec2c7d01c4f8caf08c4c069820002c2c57aef1a5cb3a3bf642f80becf2f83677e5df47d277ddf810f915c82eba7b4034d2b94d08061e6e7351ea1a6c419d3e05d6152dbec97014b177634f010f91b12d33f94331cea95510c8fd59bec7e04967e53a425b5d5856d4a843ce50d5f8535950260c4bc670e9150d4de65d3b6e89b7a4562cc1f3dd2a727a4ce336763fe44e15d610f3f356887d90f330f49a49f5f8235634e6c3f256425777f712cd68d9eb64d504a9f3cecd89cf396b682a633256eaa6f087c1e6a193667745eb1da696f97a0641eb40184ec8aab4af1ee30d7aca77dd4e0aab0b3cedc400efa4ea38698f2e043ced0f25a86401823742eb34d1ede0d13209bbd59a863d3c741f3fcc94ff3e7ba644353f6f6f3b096c21e84343911ca0b7788f3beff009835a4d354d26ae7535b7caa3bff00b9013b5298aeb29d1a79ae08de8caa68e783c30de4843cff00707c4d40e70504ed08bf526896879206cf6362262a778e6e909a88589bc27344fb4ec2b6688c5b8d56358701f276abf931163495e0c93f8967361f43c9b803e0dfc8e1ac070ce8c77447d71c779958cca8d1b4210f3bda7c4f7083da2c4a49ac9fa665aae90f53fcf21702c80e79935e028d9849a3193988f79c9f0688c5f0210f3813419fdd8ffd102d11bad630d9054d71c67f8769a30fb21ff501e1706a3b1a45ccaa15d8740467755d0d7a313d0fe73979c7dad47d61bb2b49b03e8a67cb1ac341beb2e62b87060bd2e565d510c0d769ef5f4fc46bd265b1cff0a2ede59fda1fb83177a450126853da64ac5d5d9f1e442d5737623e4b47a74f09ec08e2ad6d1d610878d62cb83e1d1c301f28a1b443ed1c3873dcddaf850de42cb125ea8d75bdcbd6f5ae0eb7fc67f716273c01efc2ee3b2671a6613bc7da782cdd89efc2a49cd5d4db322a72dc0d78d0149641d2ef9896392e6e4d529fcb240d1ae9614ab866af4cd32b6b6a3084382d4389f0af10da857393d7188a1c0a6b98b2d1c060e0fb7349f5b88c834f474fc47092b32cf3e5350050546e8afe4160d3ef8eef8074e1f57f3c1369ab8225c70ad2b3e2ebe7034835fc42451dbee359db94e07d61177827f109847bbc0ea38814ebbf39afd3c07426bd2b81ac21c4d3c63c4361ce7eca86f1c788705497a85909806478c25ea419eecbc359835181653d0fd23c410c57299d840af02894f85bedeb83c57bcb35bb8123aeb7788170097765fc780680688d4ae3928930c3a3035e53b8b8074ef2de18e1a386af11a7889e618f5981838e6b8c5cb971d0832aed2c8b474efb4c63cc9a0a413944b31e4c1111b39af09efc1b9dc972e5c63578f64fa12bb808d879f38cd4207212f7f0a0d46a7a464fc426b294e61344cd9816780870d381a70d5e2d1c5e25530bd5e66c726084e6787b330f165ecb6a8f55565de04d026583c3020612b465440dcfb7ea1e3c959c27e3877197281ee113576e5c4616c461c6e8f04bd5da7f2c1f0ac665fa9afb783a1b5463e4fb674ec4aabeacd20841706c5fde6c50bf4630c0ac2b89ac26b02bc91e04e2825319aaa08a8689b3de627b8c60327968850916eb417a108434362104744c1c1a2621169f8b3699b5ccef0580f7268ee34a3a40183ba30cb31cad0e5d266bbe81fef86efea3b9fe570ea7868ee31e9ef251fcb3a74dab833136e67e936a2d0ff18b4d2d6cb3baa418888d6f129e243c0f847893c5b327de110506dc4788ddc1efdb7252703a5a9296874764e22652df489defd63a778f61a44a4d53ee5f03734f7e92d614fd519d40e877f910febd01c3535242d7edae5ff11ca13556f82e8a5b517695db9d41019adefc4f12710f213c0f9303541234343c24194c57c304eb9a27393da7dd682070cd0441a9da5776a4b4367a7b422b41fa0f01bfcd02908efc5ff4f030b3a58ddebc479ba97581cd8629693591cdce58befc06537d9e24210f80a9a281aa002a1e2211470e1f8498f947fe11402a91e0e21b4758a96af14453c72b18c69efe11cd663674f0accc4bf90825a8a476e16206370cf054d57d7d9810344be122738f12107cfb49684745c31d10211cd754176fa907d3eacd51c09b9f5f0108f89284d494917a58fb8738701979cf088674bfa3cba0ae36edd600b5ade43584e03a06c70d5f9f59fefde676ecfa4d1304c97e021e6deda1aec969c9798294a8a258e73988c20dac5c5cebf11da23d66d1976066db4dc8c7fc63c23d7bfb41b9fd2366fd26efee26a4e0605f221008963288ff000d4733a05d0e05a3759fe6f04b01406de59b42fda75f69843e87abf8e209da9450b171e66cc5df696c28ebc48703c9cab7e84d011b45690e4431e04d877e776958d0d57043a913b310ebc0943a833f54cbff003d291eefe37846860e8dc6f08352e80eb4ac23236a3b459b3ac3ea2b9ef8270d4f974f3075925eb11c15d0dd7c1d15bf7d8c7bcfd3306764d5e021e40c73e811b3411ffaca9103a790fdb5671a43fa26eefe04bd781ab0c1b3b6bac3e57d6f795d5ec6c3f70000141c565c95e03bb1f05a23eabe08f70687722736f717240068aee6bf08c1f161d8e7d086d3295e59a0d34752218749b7ea0bb9c9d78da0e2d10b7ab600cce5d4a50b9e7bbc6e307c8d6aed2c9ff683eb313e43e0e99bb26c400ea6976591f092f88c26242ccabaca383e6802011d99d954fe621e43005fb930cbce71f78a86ee7ec9deedddf05c08c52019565edd1d0c77664aa65b55f0b40c0fd1ca36b1295a9e45cb867483cce737bca10001ca1c57e7dcb9dd3911cf589ed0daca38836ac639c0febaebbe7f0ecc80f4e863881ad41044b3c6170846f5b441a690e794749684d1e6af82e2d6b3270d6388d9902ccba7af5e93ba97d5f37e26c6433119ecf322d62f41e642eff0d4d560961790de3a2b68d0602273e0f442d06a5f0be172f895983695acc545df02bce357d0d1c139122148e86c4d312c7c592b173d4ed19a55a83fef1145c73d483a1e068556c43ee58cdf119cdbc1b25cb60c2a74cae21a81e717d26129a26a8d217d65ef12de73131d3814ec1d39b1a2ca679d757685ee11fdee1831f1d5e4bfd9bc4c3f4dfee2301daa63fd8f9313a9801f08d4d798e5882de59c2e5cb98692e74462d972d788a97f8cea32e1ecd02cfd4d71a9d7dbc880916bbbb9f91745837446edeb614d7399f685e47567bc6d5d735714a02e8a80df636fc1433545861354b83715704b1e6689562758b6b0e997dd596850a6ff00ea43c4f3347d20225d851f2701404e4c1c7af30f695f7cd671b5b1b5c7da21600fe332bec1d21ebb354d14fa52e6423673b4e7cdaa3ee547d8089671229d6737f78d16a751f64cc768b9abb5e5748219fd53de01401d3e65a91ef1a1b1a61c15ff0032749f4ffea1ffda000c03010002000300000010f3cf3cf3cf3cf3cf3cf3df3cf3cf3cf3cf3cf3cf3cf3cf3cf3cf3cf3cf3cf3cf2e15b4bcf3cf3cf3cf3cf3cf3cf3cf3cf3cf3cf3cf3cf3ce36dc6e7cf3cf3cf3cf3cf3cf3cf3cf3cf3cf3cf3c974bd5a77fec7bcf3cf3cf3cf3cf3cf3cf3cf3cf3cf3cf41eff00f2d43efd3f3cf3cf3cf3cf3cf3cf3cf3cf3cf3cf3cbf24ff00ca5f5f990c35f3cf3cf3cf3cf3cf3cf3cf3cf3cf3cfc3e86ff00ff00ff00fb252eebcf3cf3cf3cf3cf3cf3cf3cf3cdafcc6fff00feb0ff00fda0214bcf3cf3cf3cf3cf3cf3cf3cb9d5e6ff00ff00ff00bdbfff00ff00f0175b4f3cf3cf3cf3cf3cf3ca11be3fff00ff00ff00ff00ff00ff00ff00ff00f203ff00cf3cf3cf3cf3cf3cfa1f127bff00ff00ff00ff00ff00ff00ff00eb5ef5b5c3cf3cf3cf3cf3cf37cd3aff00ff00ff00ff00ff00ff00ff00ff00fb21ff00ff00f0f7cf3cf3cf3cf2e09a8f6fff00ff00ff00f6ff00ff00ff00fef524fca53df3cf3cf3cf3c02a39e5bff00ff00ff00fbdef74fbffeb8d3e3e2b2f3cf3cf3cf31b96796ff00ff00ff00ff00efbefbd3f5df4b7efb987cf3cf3cfa57fecb65bfff00ff00ff0057efbefbefbefbefbefc87bcf3cfd5ebf3a76d6fff00ff00ff00fbfbbf7ac30dbcff004ebbcdff003cf16d20627985bff8bd7bff00edd407b331353af167ceff00cf2f78ab24774f7fff00cf6cfbeb77230465b538080b3fdcf3cb7ee6aa8117ab63d7df7efb462646d61a293cfd12c5bcf1bd70b168a19b13a2f3ff00ff00bf9c46b3e96d5209a5e16f3eff00cd7eff0034403862f6ff00ff00ff00e94158d2af7a8124daf3cf3cf2e32dc8d920f3b2f6ff00d81534a0ec65860c1723fcf3cf3cf3df112d466f61f39ee457798682081ab4bc67cf3cf3cf3cf3cbee03c26aa0b9f30f72c1021f8b24305ef3cf3cf3cf3cf3cb27d3ca102f9005dd7a79d42a26f7ef3cf3cf3cf3cf3cf3cb49f4376761cdc9b717fa22a53cf3cf3cf3cf3cf3cf3cf3cf3d3bfb41bf5459c206af73cf3cf3cf3cf3cf3cf3cf3cf3cf3cf3cf3cf5df3cf3cf3cf3cf3cf3cf3cf3cf3cf3cf3cf3cf3cf3cf3cf3cf3cf3cf3cf3cf3cf3cfffc400291101000201030205040301000000000000010011211031415161203071d1f0408191a1b1c1e150ffda0008010301013f10f369fae6f4bada5312b1138bf39222f21f595cb6d98667e3a16e284405753a77f4fe3ea131d87f2cab97cfb54adee7bc67569ea626fcdf24224b1d0f837ee3270fa61a66cdbbb7b6bb0ae33baed2a4df51f31003d8e8681937fa7b53003e3fd3fa87d8ba5c4053004143a59b70c6b62be7e26f4fcc768d7d2d01b63eab1f3e7be8a2bc29702c973a8078a99bc9fa8851fbfd151486116c081e413504c76b2d70f333331d393e80986d000c081e5d2a3a899433c9ed36f34e9da170821e699ef30b8250cf27f7e61bde611eac103cf0efc7c1c42ae2e4e9e589dffe3fdd2710f3186bb6c37031cc5a4d9dbc9a6e3cc54a99410f159b78eb51618af654b3e464f68e3c8b17d233a83c4ed29a26cb7f5cff00b098fc3ecfbcc0b677f950ab6276f09b65131659dbe54c6d07e65e05c465e4565eb0e6dd1b21e215f69e076dd337fa3bfcb8efeb609997f130401f97f7ed18b0bdf50b65139cbdfc5788da05b50520e2085a0f11c3d1fcbe66d4c2af32f5f0f814042a13d7a2ff0033283be28a1e27e8c1598c9a51ebed3d69eb6884d4b9df94b6ef986dc0d73d482775eb2dc147ce9055a7a83c16964dc310c2af5d51e2546b5d696e1d1d12a7da232e34305462adf4c54e07bff705eb1014e895789443259b4f635a6be26e044eea80cdacd0ba91d690dc5823b743106cd04b298c4987e7ef5b58cd61edef1de2cc90c7536d51251d49e62b27635a474ef69b066580f24cb063b83bc421a7514544b894d4a96e8cdedfcffba2477bf43fd970650bddfa7d65ab3723fd43237cf4d01d0738e427a431a198202317811ac4eb663429c625a8acb943a432ec9a73be00a2382d96b8f518319e8a01f87cfe25f965931eb277f1d0097110d00eca67f995f9d998b375835a4a1e2017b255e1eb29f01a39cc87e1dbda3b89ce6f7ff3c555de7a4a318e214bc0c4212a7415c1d6dcd1de615b7576ff0065cbec71f89743681733a0ca61d6439099b11d6098f6ceb0863bc65e1e3555ba7500da645c5883ae169704e5d3ef2e6fdb83c17a663b6e8f68952ae54cabf98895d3f7ae3ddcec79463709926fcfce90d06b469817cef2fb456a5af8cdac8ef3158452b74df04316e5ec74eec7496be5947cc1793a7b4036b4a05b12d87ab2e5cbf15cb9714a260bfa27fb11d96f9a2564c1fe5ef0fc3f3d235b5d5d7c372e5cb97a2142e6e2a3a731128fe47e8451b262153bce8cf497b6cf525bfd897ec8fde21c683ae57dc9436cfbce5dbd09d7feac3a8c1db137fa8b65ff00cdffc400291101000202010402010305010000000000010011213110203040416171518191a15060b1c1d1e1ffda0008010201013f10fe96c054a8648cfbcf3311ca0c285b7e41606e2b2980348b9561f640b3c7454f287713bc20b0e4bea7c73399f29d097000a38a61f3633101a78aa0b6690762e82313d507af844622b7b4877c2c40c5f007137155b7bb7932f10c57794fe67df8032e164ee00b6295be0db920aac95e9eddea347875e62dd335d9c84c1e18b250cb54f67060d767494e16ebb442cc768f0d28d3a69c6d01d1b650d7520df1b99bf674ee6f9508acbe85a2e2b6d8661e2dbb2aa538ad146e5b804ea288365a28b618a1862b3d0d0a2043334cdfb4c1b2f81ee16e38d17e61cdcbddf0b84f46e88320fdc1426b833dbbcb747b8e00c21f9815ae7087ae061e6f35c02ea0ddcddf843cdf63e48be9112d880fea31d2bb94c382ff00c7d401bfcc6c0c70bd4ab60a3ce5e201b8108ea2a67e61bee2d4a33e639892d9531ae72fe3ff0027d071930d88280e12ca80183814dcb15308cc8833dbacd6cb369fb451b38498231bdb7f84a568897750d905173112da3b257b2fe1ce8bd23f682db06dd3f64bb43fa4ff0041329804735e3e227733ccad9df585703135d82f489a8a2ff6e2b4532c6a10fe29b9e6e6dda412988e9d752f635b9a040ad4a953f4f000a3b60298ff004e8732a54aeaa952a6a2e4ea0560eed5cf7c37a25df352a54a952a54a9501d084676f091f1166988fa883d7164c714ba20bea0fdbfd901ffc4002c100100020103020504030101010100000001001121314151617110208191a13040b1c150d1f0e1f16070ffda0008010100013f10ff00e5c8b1fa7f947c197607f7fcdda4f5d4c697817c466c1d5b6f558b14ad1519c8a1bbee46c9a5536fba7a5c1f876727f307303a2e1b1f0c00028301e235d58bd13d65d32d004e9bfa53393c03435791f27f2f5521d830637e2d00cd83e3543520872163489269b1f1b6fed0da9f0144dcfd0d753f961d4e5b61b7a967ac674b14522393cadabd3531dae65240949325a6d7ed34e918aa1803aeff00f7f8fd584011f30128ff006a209c1debf8c18fefab1fc10c0eea827b3701ae1afc4a9003fe850fa901496839136b7ea7ac263030387ca011601874f308e0354df1718aaa89a2d5ea3fc6babf6d4b34eae8f78ad7b769dbd03d20021ea6905a1c7fe7468a070d8875fa02c3bfc466ecae43a32fc918d994c29d6b0fa8452205275bbde5575da10bc6e6e7946999a4128072f4ef0687f8caee59b9666af98e6b6bda4e5603740a3ca861a874e3d8f443045a66c7b4b1256d96be50c4a2f7e4b2ecdd37ff00b8ea79587f6d3a27ac7b85d6b9743d453deff8c781ba98dfb9ecc327c5ee7d076d97460fb1e13447533181f5cc179eaed019868b49dbc861c4a47916e9bbf7c7f184f8ab803a890daa73dfe63a9014546152b3d788841423b9f41518c2a0f5d508a1d1597ac2e8bcb0ade191775330f39d5959b4ebd4f89801d22a1e98f88ab838c15ee67e207d9803eacff16e3795502bd8fcbac641d9abfa47d18883da550ffbe93504f0b5e372df0af2da95b4d11494239e837eb141a222b197ac851beba7f4c18e0d1483e1e8b34abc4cdbf87a84d3c5c16f53f8a418d8a149bdde265b5c5c5d063da11b381adfd5d17270c7045e4730f0ed0beae4e2260ad1427735eccd77d909ebd222698604773f5ed0755ff92cc9fc3dc912cca757b3e7a44460da1076ddd583d18f3bf89f5051c421668d0b86c39395d1ef048a05d79e2f4268c54350f535f99a274562f63f0f68f887675f9bb9983ff6ee07f830c4ca14072b185ae7e78ff1d398f996c4979575606df656c65c690d8ede367584dcc4a59da69000d83da63c118f63868fe611d54ddff03bc3419ef10ebc1fc0d8ed4941fdbd2258d539eeb89ffa81326edcf89f48d3c2b9dfcf5eb10dd31761c514362fea22b9438b85d3da6a0316d47923649afbcdb3a6bde2c05dd0f0ff00e10c9669f7d8d3b179d906eb0d5ebb41f93ab687c80f13ea5c4a16e983e85ec4c5710cd44e75881be22b039862e576ae5fee21061340fe8fca0e4724fe4abac2a6968b1393ef09314447687ef68fc5996f441cf2c120a1a5421e27d4bfa229750f15bc8e66b78d2f51ed2e7c1e13d2f9975b714ba06aebc30c51e30d9d2f3d9ed050c19b03a27dd12666974ed0eab899c1a80ea71fdd008141a1e03c4fb8314e14cbf4383275748085a8e1bd220a459102356c3c305e8bb2b7f37db58211ad162727dc2f7cb34016ac64e09d81bf71f820a1420e207debc52a32ab9882b56997265e111ad6063531dd30ff002c3b46ac6c3a5ec9c70c3263ede9f34a2c4641d9d7da019d77796182a10fbc30c0b94b6aa54bd0c30ad675eb2904c5357a4782cb0c51bbaf12d5629e54700d0bd7ed95304eba9ba3a6dd62fc6ab51bcac0f00d3c087dbd794699688b4bb57a90e2ca65af6bde063275460d80b926dad92caa212f401f87af7fb4242e6a3d3bae25d286b5606840c51087303eeb5997a44a7c886918719a41bda28282d2d86798ae9d9c983fc9034d6d6b71a7fc84a4341b779708e3ecf59ee189345cd3e595a3d7078a421f7062e0e225e623aa55f91ec254c0041d51fd4ad08ac2d20b0655768e82202be1749744a3b3d2200a11c89f62a3941a5f03de34e3b5656d6346621b787630843ee060f58f789a6f1f11a7104072f596500d1175735090d0a444606de4dcbedafbca3390babe6b053dbafd8a0c6b81c5143d0b7d60f258c1cb05b1bc40537b4d73443ead0505e32c112c44e9f5aed8f48e5f23a17752e315a2adc6c4b8d9cd6d425ab4850747a45b7734d5966dcad3b107914cdd8967d70a0916c0b7f13200a4720b83b0026694547435630221da60c18fadfe0e8c5afa38e3da3fa2e12bf13e48e12a6b2ed83044b1b393e9df983bbd4d5280080560d696cd9445f476307e65183d70015a23703d899a4ce0b5ea7a3f9faeea86da25f29e832a1680f57fe4c0b13840519de2ad9de675f5dfe4e8f97403e0712d8f46aaf69403bce44669ed5d5d43259a7d1600d91a979f6895756704a501d199d7802df885e71d6954fdc6c686863429d6adf68148063712c7eb10c356ba2aade833352ac5eba7c4d4b8a9a8e26fe170faa76767e1fa3a117178828aadf4580e5c217f883597d57e4d6cb8bb63c89d657c431185b61155b5b7af9adf5cbf10aa1c066aa57c34c253ebc51abe1edf5b28ee23754087adc67e94450ada068f109f7638e021994f01f545be87ea22b48f2402aaf0b7f99ff6026b6ce068f88e75fa2571a5afac0f20c1364a8f2d05b633abd4bf7faa845400b560048e28059ae288d6fa41bcb506a6668187a4c2bc27d6ff00239fb9e966fc3fa828d8eb1b1230e72cf52a2302a07097f45746d1a00b58a976e0d2d8eb38d8cc15a64ac0e88ca11b45b5a39a55ad07421ca3a2aade2dc6c786671673f5c2fa14fcfdca52dca2e1c2328361e06d7e49955dcd9b747c57d1c0bd730170dc0eaeef6f0aefbdd5c68ef6e3da20c2b867f8de016dc5f92698ed6773486c826166f30f0ecfadfecebf736f5a10f74b0a3ae2a51a2d4e7fc547b729dc143f4025eb60b42f7390f562a955572af81255162348c157b7ab7a96c35e999c368cee665aba4606a3a5d31c1163c0bc087d3242ca92755ee89708f5444402d0c18434125e9589963bde90516c82977fc4033dd1bf30d14740daee14962a28bc112d90aa3516b9dd08878d481e8391b3de5f6de1700586da335d7333677e0cb355ade18c086c5da6bde38b541af509b6e8780002d160750568f486466acd940e1fdc0723d0fc21200dbbb3574d202c88e1ff00886ebb1604a14f12a6da7744a092d485b16a2a37a6b10f27a66856635fec7511cfcf9c7254075d20eed11079ae70361c0183c9a7da16fc555d759a1c414692dbe21a45de758ea688eea10879008ac11bcbda7caabc0ad340581a30dea262349a3c144ae01b527efc2f4fa236b64f425f914c0340006860276197dea330670e5defd26241526aeed607f7e17f4c3444683a90da2c1a671d4ab7cdf9044d49ebff0010c2405603229abd98dc1bad2a6b19b29b888a13da30f9dc093512c850fd57d7d6a580440c07d2d3e239df1acf6fe89be35bc1ca193d488c50b1129257ad5b3bc1181aafacd4d64d98b31474c1803acb12fc551716df25857936f8761a3054935cdbaafc10ec8e12fe7e5bd3b9d4d6385aac1d867679205b4656105bc79d903b1adf35e0bcc2af0894d84b1fe6b3292cc4d4a86997d13f51724526bd3920bc014e1df4041180ec15c8755b7c58a95fa245bf3f0f0308942561e928cd9a941a7ac34a1801d6c5af3541bd6739a2672a22ae4e91a5dd2bf6953116d84384b5fbca98bb454f7b0c0ed57448ee6a7832c6c981238756f3a2bafda69ade6b408b5493061418ff00b08f64598a2dab08ec783dbcaa9b864f1d7e02beca98e8d02ecc13d29f495cb4662bf0c76fc24f462283a270f24280000340971b1d54c82acda86eb5945b831dee8e51a7d21177fb69eeb330b30f06d18df7999bb748dfa4b971600c59eb460f5688e7940f2b6fe7c30bd41035d267068db421ba4978482c2e8b5befe6ad7381c1f214fb3c8a95856427090b1dec07bb9f98777298081b5f6e6517b41aecff00d8348288b130ae667d01e0f01aa60ef071e01f0c8bcc77e6503882e1b3d18b6151ae6bc9db86521c4b8c30f0a90de1a9503958f60346ae56d8f960c15320bcf4368c79f409020216b83d4feaa0f57761f7ebd1aef1018d06978d4185fc0c0562153cbb701a1e86fd7b4e6a0cf786b11a842cea6dd225863766017ef077b67a83ca32592d005acb94290761707b5799507acb95a3f61fa86e05b2b0da59ab1735a0f86589a0867a44b5420a043e921b3c5e1d8fc46ddb1f3c22305386937b3e8d30e88d8e44de5ae603399723e2d01380c44639feb6de1abdb1bbcbcb312f596c2006729ec7849ae3a87b8b6a75416a7a27802f57461d505aa5b53d0e5e8424889743c1d9d75ed1d6abc979affbe152468008c06fa5fc4c6261d2b994df0171d221b4316f7b8fc3e5c0313266b27ec4f5f22c32cad4ef5a467ca5b27cb407a292e61b02279c0bf32d98eccc79bb4aa42bc551659f0c18652cb230d54ade7486b1604ea88774357af89de1e5140792a7c59088ecc7ed9f1a938bc14bd20f28255d4bec92f979c1f92cb5568ab800a3d61fc2518009568c7bcb9826b604bc2c1b2064cee724c4f0c06afcbdf58c231ce9d04a5a75b99a93793f39a0b7cb97c44a395b5c44d5d8077417a2d3ac57c3529dd28fcc2ae6bd1aff006979516da20e1cefb7c8f80f4579cee1307e66bf9e974d7fd102050158bdeb5f0a291b69dafecd11743c09ddce1eccc82a8a4826e68f84bb025b41068992225f8116998e5c3c0595347c992df2a5cabca16d11f36bcbbbe08148d40d025c1f010de3e0e251a75f03c32fd4821c35932f0f2724d6f743b2477238f0b1bda5ed04c1161122dc0d23e14569b907fac69d4d5fc4bdec68ee3f8af20bc52ad602fea5c58d3572c1e9826e2ee3fc1777a40dd4a401fb7af8004db457a1cbd08c30101d25f4bd33d6344fb592f55f0401e5c927750cb39c87db53f32e2588e9b5409560b60f023e60c1f6f25ba6b111c908aebe7d670c44f00565b42beef4201d2d06de418ebc30a6254bf07b5e4e9d65d30fbb3fd8ee4f81d81b23b8c581544bac85b1bd6185b3553926094bd02e32eda94a6d41fb8658070e81faf2557473b4c595d5a3de251e5bd05f87af6dbc975e5160d82fb1be1f17763643b8a3408ee646c1b2f553e62a4a341e1fe62c6255a138f0e7bcdfc17316653cad75947d241d65388537953a1fdc19a5a03cb71662ad2695cb0d668f0bcb3265fea2ca92742de5d18b80055226de03d52b597e2af5b21160c9a69063350f407f2f47cb7590bde5569a0b7af96caee3ea26bdf47bc42643a94611f06a7cdaa03433cb9f689653a4a2dd8ba5b43f27a4666c43d6329b98db0d25b721e0ac8a64843c4fa4809d434bf580c07a035de4957e3285ae59a69770fd4a9d5f359f0842680fd8433e0473be51598acf052e92c6095b9938638769634b67537e92cda0b4660cea4318ed3f7290a8b9298fb5bebf4c5b2ec34301f529f56603fd4a5f0c7ac0c65d180a03c16c5b8066cc3e903a92f87c266a30ac94d1ed347c06a3c45060e65cbf0bf3df3560c0f565099854a8bbd8661ad5c95740d90a0264d8bf899487da39a74fc42e69d42c57091555fa3a805697447f50fae75087ef41fb82afd71fb9a91faa0e55c699fe90735ccb98c239c93f9228cdf6bfb9ab37a0817bc03f33045ca073cc2242a44b122a166c780bcfa3fa89a4e741ee38eb2ce48f857abb0725f2b100990ea00501f4d3886e35e0f73285f6d33d8a3ecf12e26b4d935fdcb052aae1f3ec5331d11d566f09a0366dcc34a1e09b298a0c50fa068b2528a1eb0d739cbfd378785740a2005001d23e0d22208e1183b28c0c83747ebda540d2e70f4e7c09a0639c8779a614e9111a44efe031cc792e2eb4df14fc47f56582d0e580cfb943d21ab66838c642e0c665cab5c203f3530c91ff00886330bd2dd1ad4a04fd858351b344fc42d08c962ac01eba402caaa65262fd0f9bfa954edb5c047f302d880a1cabe4cf9914b29a9d9c766681861bd60b6ed11486a82978106a2cdc5060c1f0bf14df343b58a6bc056c7969f89c33b0001c4b97e6522c6382f5e1eb14860d347f9ce906cb327880a03de5db57660bf6a0336a2ed7a6deb1c39702af52ff00134af2c72fd797c40240a00a03c4f47334ec9eca7cd0658bec52df2e7b0e9d7b7d92ce485621492fddafe8ceaea68c3f49b9c3c40519e11f11a96781707960f816b4413ac2c5c5d798457384d7a1c1078972fcd72e61f4abe16f1d26af968b5a7f9be25ef175c43d3c53163972f621360506ef6368e5c3a0fae743e6739101ee3ab2e2c608c5c5d607a81338916c685c9d74076815ca2ec057d991572b3d37a3a31e5cc8c89bca8258e48b371f22840c1c780ae5c9aec84f4e936d9135cbab2e5cb972e5cb972e5cb9700a35216247790debb3d2b314a030917fc6f0359b6ff3fd2235995dfa2bf53207ea0bee2e65e65c58e198272e4860feca8094ba3b731356e3837830d1f7def0707daf4b6fd01bbaf0c0d331b4bda58823863e53584101d059652590fbba3a47a3320510755d79825621e0b972e5cb972c972e5cb97c47ab3bc4471b99034a94294eaf131367484e12a9a103d31220e77e0814e435f52bfadbedf5c209c01f270caef40a965a9b3cb70888acde312a12ed11bd31f3080c381b4a2b64d2acc0b0cbbcc2c10d0ea4b398732e2c2256f3d7c2e5c537893b47299b5750b0410440dc54436e228678803c2d572f637612c955aadebcb809540d107787eb6fb941485867010b86268cf20de1d575c1f2847bd82e116e2ca74370818fd152c6b89970fa4415a30c6e8b45964288acde8cb089f3286b31ac8cb670b25e674c2fac40f81a12f3c4b706dacc056788ebac711b65da35b6dbe6243586f2ce3b51c3aa9f884dcb69d0df30c280742af5797afdde81d8a65e56a30caa16d7b81a3a84b791520a4e217f16fe0cd5280cb0ca59b58cec10c4b8a086f108a5394a075eb0e0c0b4638591831154f58edb2cde5f34a779a2c8ed329c036e6529bf69814bc65bc4ab42ab9b99949d25246e748d9771588b1b0821cb766d9858948a60d658d050729c04a361876751d01021c5a169db77571000000c01b7df7adb0c72edea18014e478ceda7a3da610c8bbe69653b0710efb422b5a093e3c6e5c75882a00eb1123f79a4355047acb4d25ef4f8869c18de5d72f7cc15ac4aeff9952cd0c5796714bd3922d4ca6f148560cd4c9d88944b63ea6ee8f58b573168decff1c40008155b73a8bfc13576c50a76753d22d8791e848e7e62c4829980ddc1f88369e6a8fc0810dc021ecd430a9b37e7885043b9fe1e371323888c8b3b4342aefbc1052e25b7352b565c3b61807a6369b002196886aad418c3b8c2802d951f56882cd3a5e1d705444b1bc2f6fd9535b304f5f4fef7314600e1e87f0e9daf50b1808e6908f51a373161283afca24208190afba8e3469bde9486ace347bb5986153165d0f48228e6aa23dc852516b484f72342ddd306e17d01ad2bfdcaaade7fea8e61c2e46ade34d63cb818cb9e7496631aaf3eb58b42f9c71e96633485c8d93d6896405c1f167e61c56ffd15a1a16c50a3f9141292c8baaeeb4371702a686976c4cd79f9a45b56ee268edb7a35e7ff00d43fffd9, 'image/jpeg'),
(61, 'teste6', '$2y$10$kBgw6JE4foasXN71ZBKZu.KBLth78VX0V7h4hNzoctcCzHyTAwCxq', 'teste6@gmail.com', 2, NULL, NULL),
(62, 'teste8', '$2y$10$Dpz5ryOut.7LiifIucmpv.DEM0Wdy0NsVYVaoUX46ss/smHfaGGm6', 'teste8@gmail.com', 1, NULL, NULL);
INSERT INTO `tb_usuario` (`id_usuario`, `nome`, `senha`, `email`, `id_lingua`, `avatar`, `avatar_tipo`) VALUES
(63, 'Pedro Gabriel Nobre da Mota', '$2y$10$0bK0.SzZDFwBWbK9SNh1..Y6uV6O5ViSLbdnzHR.c9t3F5On64iQe', 'pedro.gm@sempreceub.com', 1, 0x89504e470d0a1a0a0000000d49484452000000e1000000e10803000000096d2248000000ff504c5445ffffff333333ffd3b8f7f7f7e5bda4ffd3b7313131fcfcfcf4f4f4f8f8f81b1b1b2c2c2cffd2b7fed3badcdcdc282828181818f7cfb6232323626262e7e7e7242424cecece141414969696ffd1bbfffefb707070aeaeaea7a7a7888888343330515151454545ffdbc07171713c3c3cfbd5b6c4c4c4b7b7b77c7c7cd5d5d50000001d1e21f0c7ae5f5f5f5454542f3438e1bda8e9c9b6fce7d6fcf1e9100000d9bbaaffddcaa5908033313677695db39e8dbfa8998d7a69695e534d463e181c2232352c958179001516413b32d0b19b5b524c1c171f6f605b1f252cdfc4ad89827f272a22c4b0a3332a27fef6ee48403d191b15f9e2c1e9e1d9faf6ea261f21ea182b1b00000cb349444154789ced9d0d7b9a481786011d506044088a1abf424292561ba36ed4d8a46d7693dd74b7dbddb7edffff2def990195181345b10c7bcd7325368ad2b93d67ce9cf96010042e2e2e2e2e2e2e2e2e2e2e2e2e2e2e2e2e2e2e2e2e2e2e2e2e2e2e2eaed865db85829d4bba147b9002bf85faf991a5aa455555adf679bda004afff47543e3f712c4d1665914a362c473b6814922e562c0233e52a9a6a046c2169a5a27a7c56509ebc378dca55ac1578810cab281e54eae5826ddb6f526ad2ba65bc841778ac66586ab1e814df9e265dd66d943b505fe70b99f3228d5e6acb6b0c18aa9507b41151d2855978b9023ed349631673ec72b2a58ea09cb639207869d13868361a9583b795a40bbeb1de691100a9a71aa592a159f5a40bbea9ea1b0799a72aa6c54b73d67680a2914945b451844a693bc05233e9b26f28655b138a76a1990a3f3dddb21642bc293aa9c86e9a51036948562a080f76205453e1a517515afb253976d2a55f2b45110eb7b7a12cb2df555484c60e4eaa358532eb8442d3d91e50942f9c46d200ebd4d8baa9f08d58623d352dbcdd093005c1f462874ae813325e0dcbbb544222ed3c6984353adfd58406eb8491baf6ab246b4923bc2ebbb823a028ab6c27356f969a0a8d0c4d68b2bcdab2b246c62e96fc5a7d9334c4ab0af79b7aad49e77afa7e7c73fba1a5753e822c4b25131893161cecb55af2c31f37e3f7d3eb0e796141c876e7224cd8ea69f72ec692ebbaa6d9ef5e5e5e5e816e7e689f5a3db105503ffaae2bc1f17badd74a0d613944285b971e02c18304a092078f18bb9f6f1fc951c3901fa718d1375c59212f66bcc52fa88bb296c62ef2b0842926d2413eb07b67893de3eeeec3af634c85dcf1625c4756d99ea4b17d1b12a7ebfd062e4ac1244942120e2461dd9d7eec59f7aefbfe1e93c3080cfb9b3cf753c663a9101042ec781c7b554ce8968524f7eef1e367ff4ff25095bcb1b1204c1a618d4e7c2f05c2a289c03c2b0881c97d7870e787748c3cf3f789e833ca274923acd12c6b6b69b72ec22f104ae8f3a5373f8409f21fbd8090f9bcb4114ca9b52050e2aaf70221f65c6f810b15114f4be0da34c6b2de019e25352dab8b56d3ad366ad76aa522a51184fccc86ffb89108dd7f8266c6c8278db04ec158a976ed46009424f73af8dc41d2006bd528f9d570ecadc70ac91b3f52372db15e0d21abf1fb4f8ff72f04999708ef692e2716d9ce6804325aea7b5be7733442f4f9a3efa529180f6ed258a3ba11094734081b4de60983ee85fc5b4442095253f63b16be14e8d04fe45b375aa441ee2db8b72cb36fc19a20fc694c3ef5ae23124273d1fb34f9eb4f7a865ad214af6bf0a533693dde456af009e11d742f3a5f06e4140c13d604e5abe7fedd6b1963291a21820e94f869e2ea5f990684b2d55c04bd3fd198a26884d89b1ab201961fd51827fc8a10ba7c944bf7110925745f923f429f0a7d4d1a628d863acda23b57110911baead06cdd1c268db04603843defcee8f42313f63bc61808f541d2086b34401034fac5d21684a57ffb64e86ac0723dac11420f63f7612bc207977942d0808caee1a9654aab86d95e968e4c6b4a123dc6bdb4260ca841fa7f454d4b25ecfed5a76667db86356168128f73af7135a29756ddeb11f16c88a56c13d64c5ae0ab6a641be27bfa6f95f116bf5633e9203ec651eba1a4631d020d32951acb8480388a46f6d48ce0e023a64d08aa0dbc88e95a885042ba4eaa21bb8ca464350fe911fb1573428834664d60b973414bf63f4f8f9a752f083dd6fb8744438c68a089381285ab18b2218ff5bc9b6a008450d8a8fd430f611db19dd00482bc46f7f4d593a32fab0ad51723b6f3998594e160a47bd5683644fa683460398c2e090837aa8774eed05f91814749173a920678b34083b009a280381575702e48c0378a34d8c4644111598dc2fcf0c553d5cc97a6f09fca24cba5e00149c84c4d15f4e5a28dc6bc016e34024aec2137e9226fa2c5a483022dc61a38487c745a0b89157135156d7d3e334754c04dd75742df4b09a1844635f62765845c2eb378327cb5c58783e09a189baedb2594484f8309855c2644e877145f34a48e4c1fd1243f980ce6332e2593cb531b2af4219fc90f217ae8c407210b875e5150e5c07a946b26ca88257398cf6732be97933fd89b0906ae5c8ed830037fe41528632e33f2bc0043420b2424cdf8aa66b56a92ef009afd01f940269f530820fcc5de36360490d890b06588bbe672cab739559850924216347d42d3fc463e4ac9940cb1618eb575430af5306205f8110462cf7cee5b96d889f0cc7e75eab3f49964faaf49d48697dfc81988a3fae6a7c6644a50ed32824f0865036b105ffd9ebdf4eb1970fa842820ec0656c53eb497bd1f0ae43b022fa09fcd645803244cbe83d2c2291450f89ecd667db22784941985fcd6ec5e0221b11ff97e7c678793e4d9a284729118437d0dbc94d834f3f512b4089a0161106fd0e2e57e364c483f0a270147670a51f111693905452191266313c2ec8c4e0f13d251353ff098e432854b20f4638d22f85159618d308835e41ffa8cd4a56117dc34db0de20ab19a17d09a74b0ca8fb20098bdec0e693baad056c26f18813361a4f5faaa672922c63aa2dd78ecafd89768af3e58bcdfcd5ec25b502a72b6671aea9822665fc94ffd3754534a38d071404002e8f39e0528f806aae918457ca65155420143772561d73f885115a56b146a26322a8ccd6c80f19c303b3330545033e9c24657adf65d0f573562c63925c2730366fd0e96fe9ded59c315aaf96b1688662c5dd38fa3346f9bbd36634ecb68f75c3532cb262d211222a2d0d3b955bd140d77071a2c6a1ead8c34c19929786286de93b2685a536aa1f1d250ad0b2b5c33258cd2301215d6e0e9fc217a8ed80d1f9730e32b8596951b2ecf1f2e9b71b985ac6273c87e22ea4b11ece35ffa485a1e1186f4340832ddaef45c18f57f39b6d91b815aa58adaf90281d45d4131d3f341463205fca553647ddb44e89a0ba79392fca30f058e36435a459ef7d9121f5ba7fe6998957da86aa2f8638c3d3d22a1eee1b121f6e4e221ab573a93ed55734d472317726b0fa3cd26d71622c3de0f9a381145cd696698dcac154a54d7c8254fad96d853af223a291851ba527b13ff224badcee4865fa727d6e25afc5b37eae244ecdef6e6db0e5827ec6d1d516eabe1fd4b209a465cc1e77de9843e2fab6db6aef12a1c384ff66769f5c4885705a1512bbcfd07303a07ec5c6c097c4b7bcc40b0b91d45221cfdf16cfb258d15c6c261f1f9de509f5a8f376e0440f7e6b1d57a7616ad78982c2369990b87cbf69b57c53b17f2145c7d96be85e541424a3637b9ebac3e89e610c6045380372ff2812c6245928dbd4248521984dd9b9737ad05c644f620a02d72f959fd7ba256e9a18ff5d709c93c31ea3fbcba7b3bd4c772221bb69f5eaca87f4fd4ebfdfd7e24bd4e88a4d1fbbf7bbdd74fa4152f7e7efb7876a46eb0339bfcefedd588f404fd956b64bb1df28b70f002f05dddfe0b279aac3b917a74f633f1320dd1da70e7394dbdbe828883e85cc5a2f784b089a10aba57d7ea869bf4c9aad8c8ac2f5a2cca558c4df9887134f561da773db20803cd446de8f6a70f1d6d8d8386192da3b2f76100d23c9c3b11ee7a006dff643229a90fe3fbbeebba1efc781e598ed8bf1f3ffcfed89af8fb9a6dca6838e7853d27e5e555cdfb7aca966c74b40fd737e3e9f4fd743abebbfe60741e6560a35f4094734112b0af8495b4bae5a32df8e69235c3304a20c3d865ff48ad7854de5312903f2eeebab1653cd28ac77b596e639f6c7c5795bdcb38897da843116c63d7bd57e39466c43ef098135902044439ee8623f25d55f62ded5d9c78cad67755d9a3d438f7fd56729b27313f4db215e792a26defaab257c579cb16164d488d181b6163ebfbc6ec55565c7bbb29c2118b2604231ec54568efba93fcbee4d831c51a469d344637dde1a62afb9576180fa022b2590dc94d69e2f15266aba12816e3e96294d9cbd8668a6913c23356030d849a7886182becf47c9765c4b376a3c930613ca9e939c384f16cfe7dcc6a73080de2712c84cc36f8b135f9fffd7a686f32cb948862bbeb4ef92d9b7eaabd8d6d80df6eb398d6a8ed388785eba2c5961d354b8cfb1e7b67ed48b36a7b956c38ed7d4c09172a274e297948ade49c54f6b6cca6d078e7a8094e606886eabc6bec791551feb4d2368ad6ce77908b2a59b38a46bb52def35c7eb0a825f3a67ede76546ba799ce086c86a53aedf3fa1bfffad49fb6424a299c550e8f0cc722a0fb209501ad6439c6d161e5ac90c0baafe0bfccd9a7f5e6e191e31455cbbf4ddeee5c044c2d3aced161b37e6afb03dbc9af6ecf15caf546f3f0e248b4082cd01a3eef1a64fa0e8dcef05b044b158f2e0e9b8d7ab9c0ecf5254ac62e944fcf1a95e6f9f141fb44843ab4ac62e86fcb104fda07c7cd66a571765a2ed88c5da2bea1f2b99c4d5458883e67ed8a7b2e2e2e2e2e2e2e2e2e2e2e2e2e2e2e2e2e2e2e2e2e2e2e2e2e2e2eaeb4ebff34c53e65543b294f0000000049454e44ae426082, 'image/png');
INSERT INTO `tb_usuario` (`id_usuario`, `nome`, `senha`, `email`, `id_lingua`, `avatar`, `avatar_tipo`) VALUES
(64, 'Languent', '', 'languent.ltda@gmail.com', 1, 0xffd8ffe1001845786966000049492a00080000000000000000000000ffec00114475636b7900010004000000500000ffe10331687474703a2f2f6e732e61646f62652e636f6d2f7861702f312e302f003c3f787061636b657420626567696e3d22efbbbf222069643d2257354d304d7043656869487a7265537a4e54637a6b633964223f3e203c783a786d706d65746120786d6c6e733a783d2261646f62653a6e733a6d6574612f2220783a786d70746b3d2241646f626520584d5020436f726520352e362d633131312037392e3135383332352c20323031352f30392f31302d30313a31303a32302020202020202020223e203c7264663a52444620786d6c6e733a7264663d22687474703a2f2f7777772e77332e6f72672f313939392f30322f32322d7264662d73796e7461782d6e7323223e203c7264663a4465736372697074696f6e207264663a61626f75743d222220786d6c6e733a786d704d4d3d22687474703a2f2f6e732e61646f62652e636f6d2f7861702f312e302f6d6d2f2220786d6c6e733a73745265663d22687474703a2f2f6e732e61646f62652e636f6d2f7861702f312e302f73547970652f5265736f75726365526566232220786d6c6e733a786d703d22687474703a2f2f6e732e61646f62652e636f6d2f7861702f312e302f2220786d704d4d3a446f63756d656e7449443d22786d702e6469643a44433635383930393139454531314536383845383830433839423239393939432220786d704d4d3a496e7374616e636549443d22786d702e6969643a44433635383930383139454531314536383845383830433839423239393939432220786d703a43726561746f72546f6f6c3d2241646f62652050686f746f73686f70204343203230313520284d6163696e746f736829223e203c786d704d4d3a4465726976656446726f6d2073745265663a696e7374616e636549443d22786d702e6969643a3543344643444530313435353131453641444243424139333946324138333133222073745265663a646f63756d656e7449443d22786d702e6469643a3543344643444531313435353131453641444243424139333946324138333133222f3e203c2f7264663a4465736372697074696f6e3e203c2f7264663a5244463e203c2f783a786d706d6574613e203c3f787061636b657420656e643d2272223f3effee002641646f62650064c0000000010300150403060a0d0000235500003593000052b100007a76ffdb0084000202020202020202020203020202030403020203040504040404040506050505050505060607070807070609090a0a09090c0c0c0c0c0c0c0c0c0c0c0c0c0c0c01030303050405090606090d0b090b0d0f0e0e0e0e0f0f0c0c0c0c0c0f0f0c0c0c0c0c0c0f0c0c0c0c0c0c0c0c0c0c0c0c0c0c0c0c0c0c0c0c0c0c0c0c0c0c0c0cffc20011080187026803011100021101031101ffc400f600010000070101000000000000000000000001020304050708060901010003010101000000000000000000000001020304050610000103030204050304010403000000000100020311040510062050211230403113076022144132233315702434164225351100010203030706080b07020701000000010203001104213112204151617122051081a132521330509142627223144060b1c1d1e182b233435392a2c263243415f073f183a354647406441200010305010000000000000000000000607011210080a0b03101130100020201030303040301010000000001001121314110516150718120309140a1b1c160f0d1e1f1ffda000c03010002110311000001efe000000000000000000000000205a44f865b5556f805e81e9e6bd1d6c6ed000000000000000000000000000000000000000000000000000a273bd3a794e9d1e0a2d8a451452965d3b8ef8f5b4e5b8e70a920000000000000000000000000000000000000000000000040f075beab8db89b3e8f3294ac913a32c9f3b0ceccfa998db36cbb1edcfefe7388000000000000000000000000000000000000000000000310b706e3dbe62ba6ad4d5989263cf4c64217702609c3cc5c4c751db1ef2b724d200000000000000000000000000000000000000000000081ac6baf0965dfaf297cacd6c66212c715d139904d498c198d467e5d8f6e5eb3b73c6400000000000000000000000000000000000000000000d5b5d78073ecf2d5d28d34f514d2ccbd0638b507a656daf9f9ed32f3768dc0a7d2dbf0de4920000000000000000000000000000000000000000001038073ede7caeb94cf4defcbdbb5b3db2d31e8ed8d399c144d22dcf409c21ce3bf3eabdf93d02bf4775e2f6d34480000000000000000000000000000000000000000007938b7cbecfbb175b749f1f7f4b67a64269594ad6a54bd6249132c4ca9913855b89fa30f01ae3d517e7ec8b724d20000000000000000000000000000000000000000001afa2ff2df2eecee7a77471f77b6aabcc5ddb1ab6acf6acd0814d6a6b4913456e5cb473af572f4be9976a5b82b4800000000000000000000000000000000000000000078f8bfc9ecfbb60f3f4f6ef274fa9456b56eef9569a54b56756364916a35b518bd0ae9cd76725f5f26eed33fa2f7f3ea00000000000000000000000000000000000000000002ce27e49e7ddecb97bbb53977f536adddb2af7a55b5664549ac09134a2f4a96a117d3ed38c7b38ba875e5ecdb72464000000000000000000000000000000000000000000210f98d977397d1ecae6e9f516c6eaf955b56ada912644a9a716953244dbc698aae9c37d5cdd35d3e6751db9c00000000000000000000000000000000000000000008447cf0cfbe5e4f4baaf9fa320ceb5f3c85f3beb6756d5229c5b1f17f2337c0574bacf6f6acb957a72f756cfa975e0cdebca0000000000000000000000000000000000000000003cd73f7720727ad88b67d1b8746bc8be1f4a61d37b49dc739fb7db93cd53ab4f535f3531ecd6f5313e8edcda436cbda63dbb83a78b60f678200000000000000000000000000000000000000000035df9fef789e4f4f467471740e3a62b3df5bdefafb6e6f5f8f57bec74db3d9e479fcba34d67e86bee8e1f42becbe7e8d99af9faafa32f6f9746c6ebf2bd4f57980000000000000000000000000000000000000000003ce61ddaafc9fa8f01af2ed7ae5675d7156b63d3915e18dbd9f679f6f5bf92c7bae2f4ce5b9ef6329e58edb2bba6fb0bd0f9fc96980000000000000000000000000000000000000000000a716d0de2fd963997b0b617f6a4d784aba980c7baf74c6acd66ac5de995c5b3a4b59e7b594d32f7a6c0eef06ada000000000000000000000000000000000000000000040d73e77bdad39bbbda5b2bfbd6ff6c2ac56cb3dbcf65df9cdf8aa4d71d8f4559ae5b6e5a316a14d30931ef7a7cef53d5e6452000000000000000000000000000000000000000000062f2df46f9fef662b6c9af79a65674d71b5dec2bb67f5e39663139745631b5d3d3e9c709ac9d3e6ed9ecf26ac8000000000000000000000000000000000000000000010879aa6da8bccfa2c8d36966b8b99b26b808d6e62b7a5adeb9bb737948bec8a450b65edfbbc7d81d3c00000000000000000000000000000000000000000000002ca279c3ccfa1bee7eda56cf5ae97f5d1d1ed271bb9514515f5599bcf2f676ce339ed3f4bc0f5da62000000000000000000000000000000000000000000000208d0dc7ebcbc5e8e495ccdebaf2ddbef6fe6fbbeaf2e945bc6f37ad88cfab335e6f3916f2bd1cfd2fe87855c00000000000000000000000000000000000000000000003c3d36e73f37def758ebee2f8d1b6b8975cf7aa66ea9964a39f1111ace6364fa1e36e9db94000000000000000000000000000000000000000000000012a789bcdf7aeb1dfd9cdb67b3b569e2e36ab2f753cb8d35ccb5eeb9764f6f8d9fbe200000000000000000000000000000000000000000000000b59695f2fdee695b01ad7a970dbd645ada667b2a446afb67a276cba7f1b6d1f57c4f614cc0000000000000000000000000000000000000000000000d3566a5d6366f2fa58ef17d9e63ece5c8debbc31e9be8be2266a5abce5d1c3d07cf6dada45ffb3e061b9adb82b31000000000000000000000000000000000000000000001ada5f33ba9f46ef45a3ce785f44e1eed33a73f8de8ad229447a486eda5b63ce70f67c6b8eae1e31a6dbcf9e7a732544800000000000000000000000000000000000000000421a5eef9e7d4b697d25b633da6dab7f3de37bb75e5f7cf330bd2f8bab6775a677beb78d57bbcfa4729d75e71adb66e73bd2b3bcb36c9aa7824000000000000000000000000000000000000040f092e5dd9cb3bcd8a2da63e9fb1be4ce492c6f17a18ef17dcca551446f192f63c3bfedf3e54504f2f2fc9b1a225335ab1b1e1d13936cd1b06af4b0423200000000000000000000000000000000081ae6ce3cd9cf9a237514512de63e8cce7ef2aba56b1392e5af8ae0f6efb97ab2fe978f95ecf329a2826489e499d396178d6d222a26ee62798b94dec4fa6ab69e71b968dd99bd3c2e40000000000000000000000000000205035059cd1b39cb49c6cc4257d35a6ad24d0b4f7233ddf5adfc2b181399fae30ba69e6b3d637c37a651bcb0ad44c22787dbe864534d3899617565656299a26329ca85dc3a67077360880000000000000000000000000081e425cc5ab9cb4789b4d9ca9102bcc5798822cc84ba5e69d975ac623cdeae2adebabb77aae9ce966b4c6d60b6cec5d85cf3ea693f3ae77f01112968532f8a840891224e0f6359faabc537800000000000000000000000001af25cb1a399ba271a8a49a24885a45a4449317c89489eda6bf4b99e1b48915c7de795759d21d15f517cfcce1af45e4e9ec9aeb47a9c5f3ea9be0eb321488a6a2272044891232a156653f4b38e76b5400000000000000000000000034f59f34fa18ab4c650208926b3ca00148bd2dca65c5a3e8e698e722be9a936e78fde787fa2b81bd72d9dbe82f3db259c5de6c268e036bafb3bc84a9811454262208919ad9d74c8a3b2b09ec4c11000000000000000000000000394b570a74316564909ac6539022502b959345140b8b47d0bbe1b2695bf8b52b31f2e7ce872b7457da51ddfcd6c866c962c668f9e96d75fe7790a69991295c981312934b1d55ea764d67ea3f1ae0000000000000000000000000e4dd1c31d51653148aa4e4c4002d0bc2aa642d91525d8b7c7a42b5c9c294aca5cbbd31cd7d35c7d6fdedcf1b3709cc656c7d9f3c2faebfce604a090b82208929098c7d6f7731795b7d1ce58de9400000000000000000000000207156ae3be9892d5c7c4dd93a624a4416c8a85c1214490dff00a53b72b95ed54acb7970a7535bf4d6ed5db384f6572db2995ede67e795f5d779a4252505c8220909256559b894d16df38c7d23e646400000000000000000000000f9bdbb426f1198b02f489120489812a2d4bf0512dd1ec2efa5f18cd1134ad65f3afa961d35c85a9678dbe8ff0015ef3398cbe6fdb7f1b9a4299149158988902428cad215135eb6c8447d37e56d7a80000000000000000000000c59f263a9e7b4814262a95481292265228b62e899349140af67d239c3d0a3330c35df39ba975d19dfda3018dbbff8adec339bbabe66df7f3b4994a608958988121216e5a9553356d5ce9ac63e82e00000000000000000000000341d9f39faa6ded134d605b974094913027440b52eca65b9565d997c7744d7d5673e1f78e08eb8bbdb2be962a97ebbe29dcd84e4739f9857df05591210262a82525291644b08a6316b833558fadbc8ce0000000000000000000000389b57216ea3788a225897e4844812a62889685e1216e40de37a762e997adc67556f1c5fdb49f5cef536d13bfb8add33cd6bea4fcbfb6f84ac89090ae44a688260503170ba09ab1314dc55f4139e3a6e80000000000000000000001f31ba1a77542626981625c9311008112599a5115ca0533376afd26d31a99ceb7bc722fa348eb4bb206cde3b76471dead67e63cefe72b3124242e094953294514cc25196b4c08c4ce9ad0dfd947d25c0000000000000000000001667c8cec60ed129526225982aa6744494980b4da522e6521425732fa017c3d222ceae1df4e9574ceeed354f53cd6ee7f3ef4e2df31db60ab33102527248996629269948f3993d1e96b784e552ba32b59faf1cb1998000000000000000000003594be5df656d652a6acc094c517e9a88026224b3346b1194e5b9525d57396f2da9ecf9df393d5a5c6b9deda6ac2e71b7d08f36f8e5be61d77b184e0a24e52294a8c5a844ca79ece3d1e93217089cab13707d17e58e87a000000000000000000001a36cf9bdd6b5b4451508131822f8ac453551310200b42e8a2492d9134ed9db0d8185be767a74b3db3ba2a4ce3f3b7d19f2efe4d7f9b35e88c56705341348a4525a8566ce184a47a1d55d373314eb35d1553d2d847d0ac5100000000000000000000e64d1c0bd2b7b44515012cb010be4d54562b1104494b42e094a4579a7d0fd72f4d5719f6d3c8f4e75d35e58fa5bbdfcd9f0b37e0dc7aa488a88a44c9b628229429c5a8c3194581e8f49bd989a6b2d6d5898f5b13f5bf8e2e00000000000000000000392f47107545b4a644c4094c2c5a8c4e4ed5ac8aa99d1104094a05c14089d83ae7b5273e74eaa6b3eaceb26e256d5b76479b3ab26dc9d875d18adc168484853284255ada27059c44f4379b9b44d312d6d39132a7d51e38d8f00000000000000000000391f4711f4aded13226224862e2de6339f4da2ea69553551302044b42b8299b76f4ea0d32d3fd34d3bd59dc4cd6248b74a79f6e7ccf7d5395e485c9624e51245a9c2d62d6711e7b28c859e8f59ad2a059d5244564e491dedceeb8cc0000000000000000000727e8e16e98a7689c9c81218c4f81c1eb35be62d49917099d0224490a05729a6eed4ed3df3f05be5a5fab3ab33730a4b6f7f3efcb98ef87a5a10812902dc96122d67138fab0992faef4da92b088b4acde4c4d135a1baf38faa3822000000003fffda0008010100010502e4524f144d977461e36cff0022d9c17594f92622db3f92a46cb8df912de69619a3b88be847bdac19adef1c12dfee0bab870bc7cafef334af7afb9453525c66eac95b3b0dbae0bab76b8387d0398ca7e13f3d7edf764baef04b95b36a1ceec3290d6b9becc7ee126ddce628f27340dc66ebc8c2701978f2763cfefe5920b3c96e4bd7642fb332c9731b0994404496edf6a06b5cf93dbf7aeeee8e105b35cdb9a80dab432edd5f8f0cd3e5f9fe573d6705bee39e1babea87277fc886522f253fc32f645243f633ed74913a8e2d627c65e5b1906c32175632edaddd0c439eee9cb5be3f1d7d97b9b895f732387b65ca2c7dc3a37d84e646632e645361df47584ec06d25626dbccf031933cfb1ecb6e87d858636ed5b882dafa1904d173cdf77efff002ad77ba6085f3498cdb2e706613b5b16161ac78bb6629b1504ad7edfb7737febb6fd9ff5bb60a3c3dbb197780b49db98c05c63dcf607b7172c9697384ca332569cef333c90586526f7ae21ea368e2416c2c6b420380aa6945756d1cf166b1a2cee1a487ecfbeb66dc0e77b9fb7fc2ddbbeec7c5defc3c2d86d1ba0d68a8a88e856ef676ba3b8607ed39e2299fb79d67a096e31370da3b05187cb61fd2104386888d1cb77b496f655db2e09ee6f9bfb79d5c33dc82fa20d9f03d26b13fc6d4386aaa89d0adcd6deedb7b5fcff001ad8ff00bde79bb2d3f173b8268135a0ed8dba0f0095710b668f2967f8594f8d7faf9e6fd0f6ee5d970fe45d37a2333226b2ea17a6c8c429a51740a5bcb6843b72626b36e4b673adf30d739af6bdbbd610cc96c03736b6d6576dbb8f9d64ee9d6b06f3c5dc5ead883b2473c46db975c5d38e3f2b2a931d98855bcf9588d95f48f424a8bc9dec5791cb7422c0d9d61c6e1204db0b322d21f616fa88f76dc85ccc5e1ba49ceb703a91cb1364b4d9e297ee6f735ce1109f3727bd3ee0c9fb90499316f6523ab0f56641a6973f93ee646c2fadefac2c73715b63a2bd8d302de3077e3f17118ac31b1d073aca5b0b9b495c23831561f8793629ed192a8ec31d1a97178c739d0c720fc7642db7346cfd54f6af2f85b2310f70a11d34bbb78aea38806ab56f6c3ce9c2a2ee27bc43334ccc4176d5086abdb0d528fbe14ff56aa04189fa5c1751b17468ed6f3bbeb7ecbbbd6323c8b135740bb804f928012f7c6da29474ee2d5ef805b30a3dfdda5c7592d63abb9e5d41efc79586589d6eefb03d17a3354dc4945f931b4c374c22e6f238d8dbd826120f763b3bb2e40aeeaab4b7175906b43473dcbc7df8fb292ad63bf92eae9b006dd46d12dd7b88bae43a092591ce7f726dc485df96191dd5ec64c170d92d04dfc7868c39dcfae23f7a0b1f76352fb90de656c5f72b3135de0d633236b90b60ded2dec0bb1a17b32f6e51d92f79b839d90491fb16723191330d17b767cff38c6e3f21de6e22b37152411bd90e2adf192dbdfda519ecb607cf6c21b9beee36b6e3dc7743253b9cf92faee3608d9cff003f8d391b0c5e4136edb58e66cad919dc9cc09a28810bb014da355dce18cbabcfb76858b3f1fe802b71d83f1d7b6f9163e2c6e4634d3dc1ec5752ddc6ac9d7170d6b68ae5c182e2e03ee5f6efc9e4b1ad64767f404b208d9335b32c9d84b849ed6f841798dbf89d09911704d3d4cab29930c50ddde4b7787c6371d6d8d93a73fde1bb6df6cd96ccff00257f6f37f1c9711326665f052e38e1b2d1010e4a27196eda143912e96ef24c89b7d7936427db580663a293a368e11ed8dcbfe50f3ddc7b96cb6f5ae4eeaf371e5a38e38237b0482ae85d246d78c96d78667c9659cb54fbccc831b73d23a0db997bd762f6f5963574686b7ee5bd3bf15ba36e6fd8a67021c39d6eade367b7e3c8646ef277388e99c5453431ccc2d96dd00d70f6c2f618840c4d606a69a20da9a69f27b3ed0fef8b0fbcb3588658fca4163f77edfc920438735ca6e5c3621b97f932ee7134b24d214d98daccc21ca8a8bb53ac821216bfb550a7ba82185cd08e9f277fc363912bbd07958cdd399c51c77ca1d2db7eeddb856d99c55df31cc6e9c3e1567be40ca6494b71248e46ba3fab7073bae70edea8350685da9cc648a59a0b39449ee1b6b7745a1d7e54948034283b4ee4d95cd42e1cad73d96b3567f2367ad9587c998f955b67b0f750452c533394492c50b327beb058f199f9172b7aa6b87cae2533abeba1e887afc7b702e3040508d32394b1c4c179f20de4b7077554df6772d7b158ee4dc76031bbfad2551cd15c45a7ca171df9cfd0ead769555555dc8393643dff001e66a4b7c9726c9e7717876e5be4d94ac867b27912e97a176b17a68e352be37bdf6b2c74c8644da8cee2739939e09ca8dc14aca11d13def7bf10cdc3b4ee31598b2cc40b7e4fefeee1a3ba20d739014e2087f6e26e9d657f6f336e20e477dbab038f6e6fe48beba13ddcb33cbd1770ba35ee4cc41fde0e981beff1b972412cba65c35d6ac914b6c16f2dbfedbade60f4f3fc524fdab63edeef335bc5232fb6d86bb13937dfc1b96278dcda510f0187f9e2243f665e0bcc0f22df195971783323abde7baba5784a1d4a3a7fe18dfcbbac1e1ad5b656744e0af2025fb9311fe2aeadee5b34786c1cf98cbc2c6c6c77a76d5becc6c9b778ff00dff08e269ff71dcbe35ca7f3722f949c7f11ea4e878eb570d0e8d5b36ebf2f6ec5f6cc552a1cdaadcac6371d8ee8b6be45961ba1bfd8efdc3d240b76bbbb3a8ea7d07a70b3fe4755b7f2271b9189ed963e43f2a1ff006ae4f156b4d470fe8ee8f1a14537d7e34b92eb77fdae77a0f593ed5bfee043658ff59a277bdb572dfe5f1927ee67a3fd776b3b770694d0fa7145fdaa390b4ec2cb8c8e1f90fcab735b93a33a1a700d1edee6c6eee668505f1fdd0b7cfcbd134f7463d6e7f66feb8f772562282e99476c4bff00c7cb48a23d261476f0eb9fd4afd784a83fb2a82d8f99ff001596e43f20defe56e3d1ff006cdc6dfb64d1da61eeff0007232f58ed5d51e8ebc348b72c86e3396ada32e1b556139b2bc710e8e13d2e56e67f7e7383f5e12a0d0281e5afd9b98198c2f9fbcba8ecad72372ebbbbd2e00ed1e9c52040d743a37a8dbf7a72580b67d1f27efbd77d97ff007e4a2e8d7fdcd216dfb837982854ff00d79c3dd99d29a37a9e17283fa95534af8df2ff008797f3ff0022defe36064353a387736335671c5d353ead5f1b5efb98f2ef6ee64fd97d27f24bd6e47447f6bdab604feee11bd1efeb1e5cff00ee743a3383f529e55bff00412869657325a5c636f1990b0f3df295ef7de3b509bf6bf8dff6bb4282d877df899fbffb1d11f720cbbfdbb870fe55fa3c2f8e671eebba11d5996ffec6851fda157aea54c68d8ba414d59ebf18653f2b11e7b7a5e1bcdc3c12f496bd3888a88cd5a8e96570fb4baba2cbab5c4cbee5beeeee8a0fd504e5b125f6b3e533a0cbff00f63428f115727ec1d22aaae817c7793fc0dc7e76e256c305ece6e27e09bf682bd78ff6bd11a36846cfbc37fb7716ef6ee77741eee19a7ed0869b624f6371fa871ed6e41ddf92d28bff002d6aaa9c54fea7d350ada77dbcf8fbb65f5979cde373f8bb69dc2eead8ca1c6f6d5a0f73514d5f1bdefdf21fc7cae421fc9b0682d03d74b093d8cb7eb70ea326777cda7ea0d4ea514e29dd6e1c50406834f8d3242f36ef9cf9124f6f6bbb8851b2855e36fdae4505b5af8d867b34d2d65bb84b0dec7ece4021a4d5059277372d3fb38d68ed8c695a06f46a3a14539ca3eb3a1a8d3e32c97e266bce7ca5296615febc055c7daf69ae838a4e9c00b8286e9b97dbf839bdcb3dc717b39f086971d23b197bf19b9a7f6b6f6af3d3d139e17712abd114f72b73591a86a34c2dd3ec727148d9a2f37f2b9ff6727eee1bc6d6385fdcc1c74aa674d0a6f43b02f3dfc3e01fd92ef3696ee31acc2acc24ddfb63785e0ffaf390d1d52eed0bd11d4953ba8ad137d512aabb826bd467aed3bcfcedbfe6fe56ff008f29fbf86e3f6dabe898eae838a4fb4ebb2ef859e771cef6f2bbf5b4cf0d014ff4dbb3d3666e2bff007e13a5537d4a3ab8aaab8fdd69a928bd77d50298f5f15e59b2da79bf9529f8affdd5e1b8fdac25b2c44d78dd4a47e9a40666cd8e9dd3e4b7ff00ff006068149e9812effa65db9ce9ca09f5a0f447429c9ca6f5b4f508a9094d155da15105b1eeaf6d37178bffda0008010200010502ff004e8fd18557fd1a2aaaaaaaaaaaaaaaa81fa0ca27c2afd04ef101fa00a3e20fa01de2b7e807f8c39fbbc66f3e29de1551d5abb934d79dc8ea06bd14782aaaaa89555dcaba8d23e773ea75e89cdd02720bd3806918e7720a828709d1a8f053509be9cede86b454d423ad3800e7b237ae8353a0474aa0781bcf5c2a88d02aaaa3a0289d41d5bcfca3e2b3e8076b4d29ad1535a268a7d00f1c3543d138f0347d024270f08268fa0e8a9e08fa042945083c602a694e9cfc04029d9a35c88e0082714d15344473ea21acb1534122a82ba2e8bb9175500a36535239e01c2455490aa7080a38e9c3dabb1539bd106a1c6f88145846a1471d3c1ed5d8bb7995100a9e116d51817b65471f6f8d45dabb55395d176f8a235edaf642f6d18fc8b87280d54f1404103a1d484478e79353c7a2aaaa0823a12aa814478c51e46153c60a9444ea0aae8784f8cee46df2cd4ee008f8c791b7ca84dd1c29a847c7239137ca0413514ed423e3bb910f2cd478023e40f211e48ea104743a047c8387200879408703f53cc1be5421c126a7c89f3edf241045043824d4f91779f1e51c826f03fd398843cb3781de55de747951a3381de55de75be5427267a6a743e4cf9d6f9509ca3e028fa9f0cf827ce37cb3947c27d4f8650f01de71be5e3e177a9f0ca1e01f1bffda0008010300010502e47dabb1762ec459f43b5aa9c5da8b7e83a203c2a223e80083553c377d00021e2b873e6854d02a2ed5dabb55151515111a9e7cdd004068555555555555742dd48e783568f0ea9c347f3c6e83c53a1e78dd1be20474773d0988f8a53cf3d6a6687c47a7f3d67a33c1ed5da82a68e5ed554b1f61e75047de5f126eb4545da8b576a685dabb1762211d1aaefd39d58fabbd74011552a3ea9c13d311f4ea5044a3a1e8ae1dceeddfdae68a993d5072eabaaf455522620e45740aba14e521a9e74144e5237ae955debb937d1c823a550d4b91e790c95693d11d288357a2714d545da8b101acaee7b1bfb4fb81da515176a685da9d1a646bb288744e6eb33a9cfd86846b540aee5dcbb9772281451531e7e130f4aebd8a8885d1745d112aa8a90f5e7f01d0aaaf54f63d1eea86bab1c29e50d2477d02c3420e9440aaa2a8aa8e8548efa0820750555172aea53fd7e818fab4aaa1c14d2ba3bd7e81b77e8e6a69415151144aa27227afd020d1432776858baaeabaaa2a2254b257e84068a39aaaa8e95d09a2924fa1e29fb507076be8a696bf44b1e5a99302bbc29a6eefa2c4b4466aaaff00a3050e21f409f11bf409e228708fa04fd1a7e8d3f471e13f441e13f441ff0046cea7e8a3a9fa28ea7887d0e78870d3e803a1e21ce4f88743f469e51fffda0008010202063f02dd7bffda0008010302063f02c05fc0d6429c3196fed743a6cb591b84820327191fffda0008010101063f02f11294eb896d29eb12652852fded0a4832c20ef1d822a93dc97299b4a7b8eda959e10df0e694851189c7157fabf4c06ebe9d0b404dae3579542d1c429fddc2cff4a516cedcf3843cd2b1b6e09a55f1166a504817ce2a69b87c9d5b1bbde669e73cd0a9bcb387ce51cfa631a8da9b1b859cd9e09f242644952af3f34376ee352c5cd6ca128a57b0672d8b130a5d6fb2525412562eb6029266955a0fc42a2a66ff001ebdceeda909c37c2da7676173883a6d561475afcd0b09fcf5e25f35d0efab38593d56d3326300fb70d8cea84a9762962c4e81f5c583d5118b3e7305b6dd52cafac20a7fc82a9d84a64a96f5a3b339c30a5bc9555e09b88b316d97c40a979a189c6db2a4275c513d50e617681562c7ae4cc8d915ced856f24b234605db0a4cbab3942906d51689f2185a8f9cf615ec94e13a660f398c63a8d1c2807d1bcc0403799ad7188d9aa30812b2d8d473981877b5e611f8926d94e276dbce61f101cf6cd92d3927db2a1390eb096785d453b5810e0008d9659e48bed84cbce4ca7b20872db1607aa60a6e9b8b9cb6590b36eea42c6d2250d917aac10117259de70e95aae10073927fd66899f3fab0704e4917c0c42c80aa5a95b0557adb32f2c0a479c7ebeaea5d4a45b34245d3c4af1f3c95d4165f58f6411d7be16a754178d78d45405a76c041562426e440c19ef4e984aefc318f06f6981244e52328de0a98844d3d5b844e455692a3a4c293233509796f82e0070a242149524db69e68da2c849f3734533d54971c4b6a9e16a53c59afcd0dba0148589c8f8f6a9b490a4327ae6fbbab1329da2021292677194256e5fac40005d9a26a4ed11ba8112c222453cf180205b9e0492242f8c386c8fc3853a9683ad1cc608122ad13b04325b29c4d1c452bcf286dd2ed3a9c22d4b26c1aa46df1e3eb69f14cb958f1cd0e2d4e29d52956bcaf3a2f9ea8f78744fb3160f04b42d33988703602520ce02b4c53a1d64b2eca5df84829573803c795ca5666ec90998bedd1081ae1a4a466f098e56449767655a6024efb617683d61b2139c4acf1dd6b4d2f028b66dd504ce62d1b764378add509f08a9f47cf0acf0df72ab50bb440f1dbcd9b96da93e510e8b4042d4803d52611dacf09d9e116ac38a4217a27645754916348025ad577478f78930948012ee26b6284e1b09135984cfc2290a13061da72998266911c57d15363e5f1ed6152308286f06bb2f879c50fc2eaf26259908b1623ae9f2e45b04b8e04817c492fcf5c606560ce24e4b0e9cf1892660c34e816ada8ad730a528754918d5e8df18d37a4c95e3b0a47594640c37c499517949921d06fc3158937c81e982a39a0a9293845d6d863d9b9dda7b05516b98f618135a868b61217e5e4b2149c441579207bc55e19664980314d473ad56c6e260a44f09b8450b986c21409d909725843d6e187919aff001db1d9c76c2d0a99c5a23882744c74c4a344ae02053b2bef5f51dda66aff00b4acd090e290c36b2e26f52d4828bb1488bcc315152de045489a42aeb75fd309ef01d46046e89ab3416b38eb6813d261b421d7eb592a9a90d28b4da9b39a6dc883136df71e7d4ab58a8f68828d73893b4fdce9425534f34f919773b4f4b9976452b07f2db0216e6759f1db88ce2d1084ea9438a0061a9a7c6996a54b926462f463fb60d2b3a80974c622da153d37c60c0a522e95b284a508c001b13a397bc6d20e998b62d64448341316c89e465a7d3891df2552d9383a05d08d76f8ec8d221c6c0f6aca8c93ab345226585e0da90b4f4e45c22ef034e94d8a53a003cc6129bf4c01a3c781ded89fd31c3dd458a5e30bd92f0523914894dfdecfa202bcd4e7f1ecbcf1d5865781630aa46cd303964393ae35f2625a82122f518934ea5c26ec2671841b7318534e1938836f2a3bd9e0652a384698094890170f1f54894e499884a6fb3ad0a4e8891504cef27344f1ce76e28386dd113488961283042877b2f34c588c3b33425574f3c77cd193edda9d72cc61151e6a918a02819ce1e7f3d88f9fc7eeb5fa8829f2c290f9df41295373cf39421d015ddb824b9dd0dbe801600b679a1aa87a8555b432b5c695d496910dbf4ed9285db9ac81fd293669100fbb293ae50b5268d471f9c739857f4c1033ccc3745494ed95b9a4138759b61bf78742dff3824484e19a34f594247e584cb342165212b7b78e9966f88097027d9d6ef4fd217c11615edb04161c82dad2168224a49ba1e344d4997c1ef28fcd9e94e88a2f791dcd43a8c2ba73690656ce5a34c61241481693077814a3308792c352de0038ab8eb10a7956ad5e79be01227284b8ad3643144cf59d54a62d9273984205c801239be203896d45152cfb4a650ed0cdcf09b6d16389d62f80a002542f8c433f24950adf36df16cd5c9b209067a6516916679f9b0be26b68076a14432a37f7633f3fc42738a320fbbe33ef694f9a7b42136f7a15d5829509016095b6ec8074c591b899819e31ac603e6c6b83bd6cbab0436a16a429c6f31d71ee4d4d0d24e2aa7427aa345f9e196d173630fc41273cac10e21c014153c40eb853ad3657c29ed1d6615f4424e32a4ace73618169966273f24e53d263736a844e6259a2dde099822e30af75df71f560605e6dd30941dfa95ef543b7e23187b568f8816617b88d403eeb4e6e1e92b543dffd0f18a85bf55c48ca8d2b3621849cc9b8623d128c5e62ec274185a1c46241b148d306a291ac7462d205aa4e9e684b6bb4a25845d0311bf36d83873fc90bc64a41cf0a13de1d4814ec7b6717ba948cf1ef2e026add1bc55e68d02308ebaf751cf0a6db5969451850b198e98a8e19c430b1c6b8728b752ddc1dc3677881afc7ddebc7bdaa73fb5a406d5ebd90dfbc3d8aa3895421ac599388d825a0436c329c2cb090db49d094890829509a55788ee1e3fecbba751d7052a1306f11ded0abdd9d9ce43ab1bcc97427cf6ed8094513dbf675637695633254601aba8eed19c0b4c7b344d77f786f899ba3bc575ae4a740e467885392caaad943a5c4996f2770fdd845071a5869e3f815fe62fd7d060149983711e3b2cb52a9e26b1ece9f323d25c3b595cf17ea1d36a8e6d435470355e057b33f2f2e0713311277dab399e178f5a310b47275472591380a58b7cd4e8e5e02f0bf154215b2482213da45d018a7a90ba61730f0c406cd1013c4386ed758559fb2a84862bd0db8ab9977715d31349983711e363ef7588ef07ff9d1bcbf208719e154e28d06c150bde739b30e985bcf2d4e38e19ad6a3327929aa45f4ef216398c4c198368c82b60f76ace9f34cf54774f2702f34ee3b0f28129937245e6313b6b9d9cc98b79783ff00bef7dd4e48f75ad5840fc956fa3c87e6809e274133fab4e7f855f4c0c550e53cff005107f87140f77e20c384f9b8c62f21b7c625353518ea4098a56b797f5429aa63fe3a90d9dda0ef9f5951351993e71b4e4119f3470ba93d67299b2efad877ba792716f2615a4286b82c2eb19c599a52a4a035c00d6170a84c2819a65a60a9c56379579d0340c9ff00e7d906589752a57306e59761944c58748b23fa5e2550c6a0b848794d56a46671384fed0848afa47294e771bdf4fd30aa96788b25a47e212a961db384b8cb8975b5755693307c525c75c4b4817a946420e07fdf5c1e633779616d5191c3983d8b5c97adf44296a51529666a51b49dbc9eae49a79952e85e5b641d0af683ef647bcf11a94d337e624f5d6742539e30d15236cf0f97e61577ebe70404ece982b6b85b616b1270ac9c2ae64ca3ddd353fe3d8ec52fb333f5badd3094b1c5bde529fcaab4f7a0f3f5ba610d71763dc5c37d4b5bec9e6bd3d3087d8712f32e751c419a4f3f2f09a507fb7a32e1ff0098b50fe1f08917c84e3fc62d64d3568dc6f325c1a36f89f15755a1a55e966f59fb22d8537c2698329b83ef6f2bf64590555758e3d3cc4d9e4bb249d3cbab92ae88ab72b29f1a07a4d1f9f17269d505b6101eab36a527aa36fd10ed7d48554d5a6e20eee0d084f9b181624a4d8606689a6e8b610cb20b8eba70a1b17a89b8477e8c4e53b9fdd515edab60cc76477d48adf1f8b4eaeba0ebe4abd14cdb4cfeecfe7e59c5b60d1e015a9314b52932530b0a865f4f55e4058e713f125477fc45a2e5358e30838973d1210b6785a3fc7b5fac6d74fd105c75c2ead5d65aad272e695141d51bc0389d37189ddab9786569ea32fa43bea2f70fcb165b3bb6428d2afbc4a55854f0bb10be500aaf11608ff2940d6f247f58da738ed40b6dd3008820c278fd622f98e1ad9f2173e88c2e202c40ade12e1a3ae6ed429371d461cf796bb8ada5577756d66c5a46d8e2855f98f1583b7c238352613149dba79b2b9fa3ff001f11ba69d7ddd4d5abb96979c4ed32e68274ff00ab6149d17781d5916dd9cc53b350bc2e16024ba8f384ac309a34f559e5c404c1bd26e855553a6546facd9fa6ad1b21496c297ac0b219a450fe981c756a98fc3faee8434901296c04a11a00ba123914f04c9c5892ce995d0faa57a7e73e11cd8392a7872d563c90e35eb26fe8f11f0d4e6ef1665f67902b98f80964cafd5140a2ac6b6925870fa4883af2389a5c4eef74bfaa2514ca7558597e74c49b815ca5d221435c275f2be3b225fbc728653db07251d503f84e02a1e8e7e88438833438029276f88b860d2b73e4e43032d274d872b8ad193f84e21d6c7ac08574ca01113e5ee82a4aac5a536681bdf3722d775b61178861e5ff0072c7b1aad65372b9e13c928acf08ff0037203a2134eb54dea1dcfb1e6f88b85d3761b5ad436912e55a3b27a32d4201f2e48649fefd85b40669a7da7f0c031b2e8f96098a4a7ccc53e3235acfd51394599ed8551abf0eb9047db45a20181c9527fd5f929cb7b6f2b256ac34f507ba7f62ae3cde22ac00cd34a94b039ad3f2f2839962479bc029199568c9a1ac9c853be85ac9eccf7ba22636c4b90c57a89b1b58691eaa47d7c93d514d562cf77750e7ec980537113102018aa3ac8e9393b320e7d5cae9f4b21852978aa297d8d469ddb8f38f105455ba70b74e82b513aa2a2a9666aa8714e2b9cf2850f30cfc005e7419c4f31c891b8df1c3ea499ad4c043beba2c312d0601d3187b4408ae55f37d7d065ca63863e6d51612959f490309e9e5add4e2bef1c952b4e5a8e951c8f725aa4d57a707db16a7c41dca4ef56381046948b4e428691099df2b7c0291d9bb664d7d013bd4af77881e839f5c4bb50954349d2a11547f9eefdf3c83916c7fda542d3fb7bff3f218e2434542c7ef1f0835db90cd43464e30b0b46d16c5256b6668a9692b9fcbf0fa1a107fb768b8a1ad67e8192b46b981a8f804ab98ecc961a2a937c41069d5eb5e886dcec9b6045299de651507f9eefdf391c6293d169f1cfb9f34030a1aa38a7fed39f78f8356c846cc97f87ad537387b9b9fedaeef27c3f89ae734b6ef748ff97bbf364a0f6848f80234c6b17e452d5a080ba6752e02751b7a23bd66d43c80e367d1509884e9b8f3432f761d16c2d5da5a8f49c85339aaa95cff00a76fcfc8ad91c50ffe4afe5c84e591a6103564b0d29526b88a4d3af69b53d3f0e79d51925b41513b21e7c9997d6a70fda33c99f64cf94e56a58e91912d31465666e5305533a7d4bbf7488a96342b10e78aa32996c058e68db3c8e167f556a667eb8fab917b23882bb552ef4288c8d832d09d2a8032597dab1c6161c6d5e924cc4525637d4a9692e27ed0f86f16705854c96d3b57665ecf0165e2e8074e4712e1ca3d609a9687eeaff861a5f9af0293152ccbaeca8744141bd04a4f36470a7bf46a90af9be78234428ea8a9705ce3ab5fed289c8567ca308d5969a627da70d70b27d5bd3d1f0dabfe638d23cab196b4dd8adf02a4e9de4e470e7e72438bee1e3a9db3e59436f0fca58308cf8c47106bb152e0e9c86d42f4b883e45084b9fa802bcb6c57bc2f6987143984245f60b7949f013d196e51a9526f8837865e9a7abf0da46bf5aa84fec89e5b6bd3ba7c0a55d936ecc89a0e158de41d0a1718a5ad4fe7b095287a57110806f459e48e2e8fe7e21ce9190a57644e387bbdba568cfec08e2ce0bfddd491b55644b965a796c1e58be34c68e459cba3aa41c2a69c04186dd4751d485a761b7e19c1d3ff0090bfb996755a212677f8129ecdd1f2f2f10e1cabe8dec68f51db7a0c5533e94e2af42da695f2e411aa387393b99c33f55444044edaba8423f64e23d1902465216c673160ca3962386bd3b435ddaf6a2cf86705ff007d7f7215b728c291a0d9e052bd162b66432851c2d71041a670eb36b7fbd0fa7b57c255dba56fa0ab242bfed94ea7f7b17cf1c32987e5f78eab69b074641565883e02b3842d5ed69d5dfb23d05587c847c33837fecafee42b6e5189813d917780b6ecf1239b3f2b4aa79f7e9582c002671e694078b2b64ba84ad4d2c10524de2462934aa904fcb93c5448c83cee13f6444d408385204f478310796e31a36c5e39681da5a77aa462c152db482b3dd2f75448198587c37fffda0008010103013f21f4160e5bb187bae5a8e8da53f310595ec61176aeda843734196ebdbcbb6ae30821ec350d51ef055d6adaec5545340c38601b91ff00054660b48307bc2a0dd9bccef06877658e60ddbdaddf7325435760ed0b5ca39f82309eb5f18dea2f8359d0fee2e35cc7757f34d01e650a790dbef31b542dc1bed981e080f48ff80b191670581c650d1dd99508b2f16c80037832151d76290cf8be371c9e6dee9f9aca5f69e2e723bf67e666df31bcca05ef32e7f30f01f0e8f2cba3be5357e656d79b2eefb8e02622e300b63a73ac7bc71032611c31dffc0040ad4d083198df924f574ee68a4f6a8bbb8431d91fe3e61fb26adc54a0ca57fd78803f89ec2c98869a9f84fde1849d802ed7cc08c4cc72af0be66902ac5bc6255637e563b77f142f836c6165adcaec51ff0061b549fe001c9de09ebe9f435756f215707e62caac1a1ad91daed108388e78040fe60a6add818b873a9f0215fb8c2aed2bfcb24c4603071fd24abcacfefb65fcc041b2affc9910de1aec0982331a9b2dcadf7ed7157942e4f3d88edbfad5c12dd56145d223ea042c55c87c6bdbd7acdb74f0191e33de3116e4fc8808d2fda61d8655793ee07bc50dfb399d9bdb0558cbaeceaee9efcca7a3b71761809801051ea59e02ab9eeb283c46f857f95ce64ad3b6b11c96f0360cc0700bc2375aac41a6d85edda61c008355570f2868464a92fd7594789521408f03195983c5317ac6d1ff0065bf94b5ab0f15348dcf912631d384096b4afc41c8eb6d404469c0dd5dc709294bcbbbdc6ee60388cad2b71c14bceb11e43e1b476c4a13d66af010b54faa6b4a70ea03f72b7ba742557ae5cc8ea8fc2f98ea08ee5797315edad8e106d46af982c12b52bc748204a8252246c6730fb0635de234ae43a7b6c87e1c9ada78c92edfb5f0e0b4b6e5b668564e1f5b3515bbb83b76f781ba7b99a897c550f894fcc6e1a210ca81d4604a87980b99e2fb40b9ab43807648c56011526e973671f30189c0b78f5b244cd4a582d2c9a9136761fb08902c27fa20c1e0a2670660840952a3d130e251644c8eb067c071c452c1acf6cdd6cc4b02ee8baf5b0db11f2128fa223543fa8bc62679ccf931706208420c18c3d2b3320ecc2cf1de56d16995af9fc4668c42954de5d8fae2088e47640605d462803f7968762a70c70e0951c1fa4c4631c4e085e834dccc00bfb3cce6d7bbf1eb960cd78fb7ff0026fe2162c27b2e66095c702ef52e96a7fe3112e48046f1e454d8266ba80ad7e0d5f68190606cccc193efa1f0c242e745b7917dd1486545332b6407cc5fb395564f7f5bfc407928f214940d89fdc5d3ec3f8468e8d3de5949e3fcaef35078c19ecd4d834e7643babbc96cefde5b85c1f2e63db72c362f899f93bbd0638bda26218815c8f8cc114f2dbf98810be2250a9f704ffd984275eeac5d44f6a94f3eb697f6a7ce55901071c72fe27899f864ed9876444a61e07e23b1e6acfbd6c8b9eb8659d050aa8650b976e3b0ebdad30c4ba9c4ab07714f2189279398a9c2ab27c408f1ae20a3b1ab7da0d602dd26295d1ed5023d888f6e8788d5322d10e36187ed1cbb6d79adff00705c2a85f8e3d6d1861bfda0a1a5a99548b40af23cbb95e4bc4ccbeed8fe488e2eeec4bdf68adeabb376eef78459402d80f0b2db3bb6da56f6a99c7919bf9fff00623c3bba8f62f919b27b80a975e25fd7479844208563fe92bfd9fbbd6fc9c1f998c90e8bbc2bac43b008d1af88a3bd83ff0014a5a5c061355c748db70ec4e50cc0866246222210a8392879acacf000f5c300a13fe1090b6fee269589452e05199521a78968704081bb069da1a1d7539884b1d12f94d35e15ff0031de307c9f5d2a1dd7e7b31bf98eba3bae98adbb499f6457da58674dca0668da404ab7b99b10be19ba0f681f2b2bc2343f8434a40bec318c231fee61bb83b54b2142b55aa0b9430d41ebc19dd43da15d37d8518dcb2d65fed0828dde0779a3c347cc10294e528212aeaa72f8881cc3565dc749de518d251c01052d31cde64c576ee5c0562c7f1921e75ca8eccb87aecf963e7d7fff0099123a20be450d9c4a95b140078d4a8b0166077a9520c140f991fe6066dc143e0919039ee28967276b27f32f60bd9501cdb171e0b7b3e01ef0d9210004d2528f889abc5f768659e3507b7f4e271baf47fcb8ea60bf2d1b7e3d7d9b4ed6602a05f1c3f30155253784fb43390854a26886d7c4b0642ca6f9dde5cf4583832dccb1c256a69e366635599c6bb4ece48e90ba0cefbca25efc57b58c20c91606a62ee3130ad063f62a9cc5d1d851fe0163616d3065d6c188d436151912837da09105e5bf9e619a70b6a56bfde2ec2fb2e655c1a566e6256c8eef2b04856ff8981c7298647c8c4bd1de9b51cfbc064a6e14e4f7e7fc04589df12c00a61e7a0348f32afa0ccace2ef8465a4536ababc3503841752e85f1da5db518b9dc133f3071a852c2d5ef394960d7658c53cc1aa3b125c991f095858a02b5edfe02fb4aa79d97d6e728eeb99dd1a731c4396f23259a713c3d333e0c52eaaaaf7094cf22d41a22ada4711c780b845519578aaeafcccf47c4500cd38aef2ac334e4b973d89ecb89fe016c1610d1dbe1fbcb58c38bc17df7706445c3976fe0f8653dbaae0c2b0cb2b2f2bb86ab60b40efa9b91176ed03d8223de8412c6b577ec7b4a186874d6612eb0e59793e21ca6b07c07115dfda9ff0004399507d540f9985c7dc44e6354bae3dbd7a84829948e5d8f2ff712d8ceb8291e01882f099c0119ec128bc2a546ace1f47b9044bd96fbcc956dec2f73b4ccbc01c4398e28e4cb255efd89580bb45be7b54aedfb963afda1d79b36c35b1956ca8ca1ccfe55eef4164e532d6baf019556e3503a3f95af68750f79c23c9eb7a5ad0ece435edccb2c4b58705c0e0815415064bd3be610808ff9f86575991d1ef00e7de0f51b9332ed9054f831014d1ed502c205d71fed45c0ccf1f93e7aa80b03b97f902c0b5a728eb07f74c723da251cb78b1df22fe67ff2548d0709bcac7e7d5a85d7968e9c5d8f9a8540d471771b61b0b1b39e558a106a446f1cef19be1d4235d11f0b973295d1f2233ef7fb06678c058802c62e4f10151fe90797cc2eefe135c449bbc9446913bf40462e61f27661ef37769db3d7e10fcaadef9a0268f09a0f8784ff0028fd92f9e3bfa81a7ee09ed61cbccb4d0ba2ff00d704b176e52cf996807622b6637310c82c79324cc973e5100f80c41b80fec94790ff00e4a5ef1abf7c433c1431986c1b0f46d36eed11ece82417ab54c875ba71fc0f3f31cc411cf4af4899c82fc1b96c2cbea8614d4c82280c9f28fc93f27093f7b9ce1dda6372e5a655f07f5838b8457668ad120b41b181e13d27382318be581abe556ecb8360bc723c9e9f84b7db9d4f74ee5bb6e6d3ac9f9d47b3a2044d7960c73115c2878d7e23ff005455578398e0cf72a5f00c3840f95fc3cc2c1146c761ac3d8b03b2c9e177689bbe5b9596867c02ead71880f03ced2e6e69d84d6a614a3bab17bb07892c6f8883d0ac4a1f03fc608118cb97fb712c3a8ea9cd31cfda63aed2fb89737931eca6fd1d8d3345f1aacf96a71f203e4129f966ce7b5fe035fb22729757ef16768776edfc622e7f98bcba2650f64373986535b75ecfdb3bea0e4c40d01ab71d5bfe999793354b8d6a53b73e656cfd4737d9ed1a0fe44b00b4f19960b81da0b439ab83c1dd9780ebb5ee3b170fca095007ce1482bf3a8661b09e283fddcd22579832eee228310051afa49b46be003e625e054dd0e4fc4fd8045f448c089b77d0dccbd278703f0ebe398ce2d56a9e558af3711971cf56beed2ebf30d706c609400472a2832d757c947e0ab0818b2469458c29ef667443e6bbcaf3d8799400802bde1bbac26d1da727308d9c22e473a607e4161518019c3c9efa80cb18a4964177abbe1cdcba8c76aa35e38b276c4edff1a86288bfb46c740fd2746c8e699039994d7bb9791fb0f43a1ec1f14d5f2ab09729b5bcb7ddcc2f9bfda8de5f45cedd1e2659fcc26af631cfc6ba2ea5e4aaa7b15cc3775e59fc031071bc03abf8985c377cc064051b21e122aa5ff8aaaae2c64fc768c185ad03eea42600ebd42f1576dcd3570afbc35842661dee684a8b20ab8f31cd4a7094bfb5fd7465c3f99742f622b2fe83ac664242be532fc23dd5fc7a196f66bf2287f336983f7f87a71d2a768746c5b45d7bca997f3d358caa28a3ca798e691723f09281d1ac397896a370853c4bb959d5df3fba56f4c59331204a46d7e03e61f39530f13a3916bde5e5b4fc7a387426c82ba04c59d73ff4710cb3a8fc0a939583f29833891d20b3d084c6bf75acde547b92edcd6610332ba547480d6d2efdc8717dfa033368e854b001e1e903b9d7925107b4a30ecf6a63dfdf2e5fd27c5e2308b9d5550ec7848eb6ccf12aa3c62af0c570292e67bd9c7cabd12fa1c4d07761f43163b7f64ba60936ae5a15885b55b7c6bd08076dedf55fe0c76c279cda7bb50809513a19dfcab3e2710f03a25fc4d63c914c872e309f7d2624236eb64e02bc7cca1dd01ab75f825ec722784688cc349ed9bfc0935e31dcb337bca2b77107387f7a5d397da5c4f42fa7f138f10d478fee6cf7fe9136cdc988943ba2ea5f7e7d0b02957813fc9d04345fc832871ed3fe74efef0dc59a7f13c71afcf30ea2ee2d7f574a9a7cde3374057da59f04d4b54d41f632fe02bd829fba964df6989dc22f76bc3742bfb4cca11fb8972cf627c199eac0df1d2ef2f3fb46062767d07f41d0b11dbc4b8398a5a86ae610cee6d20bfe0f9bf40223a186183e59dc94933abe0e97599c0e27edcccc2f32a76f68e3e638ccfee57f531017f82e48428de41f78ce334c026aabd92c14e4cd7f664cc30d4909fb84c515607e6636d443fe8e21f76f50d3e0a25546399cce5e43f098add8de2676ecce218f07a304f723af32f2fb462dccfcb9d55b73cabe6b2ff69e80ef57b1354ff1d4084ae98632ff00e89beae624ad789b95c70e20bf7ff9b51c79ef36e3e2fa4f5343c3c62dfe7289e0cc9541e2e01778978c90f1ab7ccd3a27512643b6a7c4e465e710e1f0711da147e0a0f570f8cb2d5efd2e5cfe5166196acc3df7e4f50456d49bba03f6811ca0774fedfafd0ffb29abf0ccde9c3162a6f5afcb1fcce26677f8fe23d0717ef1661dabbf9b7fecbed9e238f3cc331661cbe3cffdd7024ec2dd88751bb2c9dbe7fba5b56b253e5e12aefc6a62b86f003dea91d82601078b4ff4455eec7e66054c00c5dcddbe65c5965f6f94141d560aa189798b065ef5b97dd27b87f3fafcd1072500c7e616fa5409a4731eda84172fb74ffa43b4afee7fc86c46e0dc7c233ff8e9a512ec516fdd2e757569bdfe19bfe17777c20078ca8dd2ae42f6d0256aab30089547680a3c0716817279c626e18baed34f9ca5f45926c3bb2e6ba32ddf40daf183c01846f0629bcc9ce3f99a87ebac4d7da0173e47ca2eff00318752e3dc1c1d1ff1d0d92b713f88edf78e1cf23f67f24660f06ba5d3c98a41525279f1f1059f972bc1155d11f972e39bb2bf98a79c41330946aa3f61072ee5a9f64ac7cbff005353bce3a0dce0232e5c5778d66163bed8fe630f00977085f47b18240bf7088d5fc7c3fad6616c3e0ff32b75da30843705872999780ef17e3114e3c32ff921b21ff63fd476c467baf84307d91ed056fe2a3a7bf88650fcc75ff58a6b0a1e788485a88ef9d4c409c76b54d50ab084e152cbdd61aef107400bf886a3fd707bce2556186909034be25c58c6cd3131535c4c0f194b3f1f4a8d646a12ea92f367f9d5fad21bc741bb18437d314f922d2183fb8bbea681e3fb865a875770b84a701fc2ec8e6bc43baf99846b0b70d59549127961f17c477d03db33b85fcd7fbfa258481beea07102fb1a7f31733f7cd66416816e713b215456b88a2bb620a03dd8ff0012d71e8c262667accadb0c312ede9b9fde87553dcb86bf5827715ddeff00eb34461d7023e3377c3ffa1007b422cdf687f13fe54f3d3fe4d1ff00d0dc1bceee3fefbf42f2583f23e066fa7b684fdd4be16ebfd931fd0fc66ffdeb13de003bd6664db11857625ef66b1283b313984d572cc6bf0835ce5e27313ce115b01f198b7bfcff00e458683c0955caa35b8ade97500e8dcf08939ce7f68c35a6f869fcfeb2cbf56d5f29fb5d0e8ea3da518d9f96543648bef3ca5ee12f7e6a3aae8f111825f727fbe61d4429e3a2e8f3055b685ca8da8ed82370655d9b9ffb3a6bfd749860cf2529bed996baff00812a0c2d5c9fc5a275f98b3d2ad419c2ee38154f2cc2c07b4b77891c12c969f6c41bf2c10354f443122040b0d8dcde630764a9f80fd615ff005f29f927421c46339dda5647fa93421175224e4980f088f7b227fef4bcc8f3476af612f46847ca011cbe8b7898b3b8e11ce51f0590dabeef9abfca286e52ae35eeb5d0aba31b5c4655fb12ac1fd91c43e8dba3aeb3ed37baa5dd34fb0fcfeb36358d9ee9b4ee3d9086fa3d159455c994adcf2417b42e0bc9d331e81ac7fa224a57a9c53848c770cc4ca943a0db0a53412c57209da52ca3e0358fb7466a6a74115cc26d2f0f78c04880981c5f1d3b7c622d26f752a08b8d4d9fda665bcc71a5d17da66eee3c61c7426a50c7e089ccf72a027f71007372f71561d0d0095b547c435f77ffda0008010203013f21f43b972e5cbff075faae5cbff03bfb8bff00015d17f68ff00b8fdd3d7d7a2fb5fe5f41f5f62ae95c1fb07af9e9a8afed92f843d71fa63e9a95f46f087ae3d1e3a92a57d8dbfc0443eab97f4188ae1ebaf59d0fa6a544fa27f80964126e54ae970ea1146beba893ac4228745e16ea6f2ecdc3a1dcdbd6f48152f1d1709e53b12e6bd4b216c843a2e727ae22a8b11890662644a9a74d4c933d043a057ae0663e810e9544cc5d04ae848f58f5ca22be9297041f4458f439f5ecb718baabe85b8913a9b61ebdaf45f4a892a5742a591a970c43ebec198f42f1c755743155d543fc039e3087404a45932747a5aff80dc4a3a1d49647a8b957f813b463f4952a54a81535ff0001171277ee244fa2ba85b98ff806c9532e2e5d32ce932e5cca0adc55c74870947af16e8a8824bb64ba8c758b8a1122c953a57aeb640a874b80698dc4690eb52ed4d87a3d1236e8b7ab96e880e847e8d6c625742ad12bfd2fd087a2d29f5114187d023f4918e6497411e7eed46fd2ca8f4bbc04afadfa2afa4a651292ad4afbe9e9157dc2f5b600fa0dcb82ca3efebe8a170903eed5f4610e82fa0122e195c7ef37f43170fbe3d0afa840dcc23d2e5dfde2c3ea423f410e8ca3d1fbe307ab8eb73fa4855e863f4e02cfd1997a1187e808c210ea31fd00f4487d047e84821083ac90d319b7de3eac090e8108ca9bc61bfbc7ab1fd7887e847a7317d31d39fb861f49fd78fd51c621f74c3e91faf3d0fd010608a69f5cfdb7ea489faddbf4ad90dcd7e8d7abf55fdcdbf5bbc3f4a70cd3e8d3a547ecdcbfa1fa07eb7687d2461f79bfd51df43f6c843e9d3f5bb43ea61f78269f48741fb63a1f56ff00acda1f590fb84d26bf43d251fb91e87da1f5f30fb847535fa1fb85eb9f45751f7bffda0008010303013f21f42a65a1d5a44ff05ae8d7e9b8dbfc133a2afa2fe94ca7fc036fa63f457d071fe019be8d4a952a57d2fafb6429082fe8a7d3f523d35f5ed7a5d2a8244756929292b1461c4a8972bf5d102511e8b2fa92fea031eb9b7439fa1eb72e5c3a10e3a18faded087a3163f45cb83d5a753eb64cba8c7e9a9503a12ae1a7fc00d3a9fb010c41ebd1d5462448c65cdc14b41d0cd204e63d5eb674b00d4c7a11507d4b94c104c64953a19c21b4f5b19cbb1cc259303a2ad4c39831c558402b96ef02a195704dc9eb653666e092512d6a02e92d05bd0354cab2b9267d306652e7d6d5329cf0ca3a0c2918b3d23d6b8f5f1739a2b7d73da111ea5f46695496459994cfa15f5c35ebc1431d1824e9b289125a32427244e8ba455f5fcc88108dba8acf18b6258e626dd19abd7d532f822e00c2e5ca7783d90348bef9503c4cb31cb3fc036e21d0383499553663a5a8b400a3a2e50472ff0080e5d2a3595c241da30d2650e8b9aff0126b7d15bea1d236970667fe0738078984ca57d05ae9d47fe0266d52ae73f432ea612c98c405b3621fe00b2c5c112a13284be8a995944d225c197ebccbe8aa0c530852e30f497e08ca87afbd6e2c4c18663a5470b658a25fafdcbfb08620999416cd087a1d2a1f4dfad3f4dcec22c9bc5e87d93d55fa1eb7d521f51af5c7e863d1874136fa184d7ee9ea6fd466a0dfe887a9bf70a7de9eb27a1a875a87dd3d1587de3f4b19707e83ee9eaa7e97a1d1e87dd3d68a1097d4fba7a2bfa43d030e8421f74f55108747adcb8743ef5fa1bfa1632fa3f49d0fb952bd0eff00569d0fb55e8cfe8c7d890fb27f84ebfa0f5b657d8ef1fb03e961e90744fb83acfa19bc7eeb0f4821fa027d21f69f5b63f54f43ffda000c0301000211031100001000000000000000000000000001173c0000000000000000000000000000000000000000000000000000241f94470000000000000000000000000000000000000000000000002cde15a61aa0000000000000000000000000000000000000000000000039ec98ff000ca0000000000000000000000000000000000000000000001298dd340aaa48000000000000000000000000000000000000000000002e8dfdfbcf6afa000000000000000000000000000000000000000000023a598e3ff6b5f400000000000000000000000000000000000000000007a714dd05e3f5980000000000000000000000000000000000000000000349288a960cd678000000000000000000000000000000000000000000025ef08791c82e90000000000000000000000000000000000000000000134630907c3b4240000000000000000000000000000000000000000000269023a626730200000000000000000000000000000000000000000000749dab15e406e2000000000000000000000000000000000000000000011b94eeec2750f3000000000000000000000000000000000000000000011633a584216aa600000000000000000000000000000000000000000004c29bc29369869c00000000000000000000000000000000000000000005d42f4b5924f658000000000000000000000000000000000000000000007bdad0d6171e1000000000000000000000000000000000000000000001b06da8be8e2e000000000000000000000000000000000000000000000e5d63389590200000000000000000000000000000000000000000000002bc2ce9ea01a0000000000000000000000000000000000000000000000317fab9df044000000000000000000000000000000000000000000000001e9198deac000000000000000000000000000000000000000000000002322451aaa0000000000000000000000000000000000000000000000002d6a7f3f340000000000000000000000000000000000000000000000048198fde505e0000000000000000000000000000000000000000000002709bc1196069e0000000000000000000000000000000000000000002369c47408900b4a8880000000000000000000000000000000000000131c273a0c09929288e7c8b000000000000000000000000000000000090d4621af04b251f0e6bd317fa0000000000000000000000000000022d65a69b79bed14395717481cbfe8000000000000000000000000001256b64e47ece28289f9e2fbb0402f2800000000000000000000000000be6935acfd831ed496c7e2bd60806270000000000000000000000000098db87fbefaf95e2aa8c327d2d800e2f80000000000000000000000000dba96ff7d3c5b07d009cb8f2b6209aab8000000000000000000000000791fedfeda8a3d0f7bfff00204b62491ca38000000000000000000000004baf70693b77e3f1b2746ed0fee4123467c000000000000000000000001ecedb633feff513f7b012a3b3c919b4264000000000000000000000019ddd97467fc7a17ccd9e5c8af9801ed80b8000000000000000000000016c6f85c1cf6fd1f580ec79819b0434f4b1c0000000000000000000000175964f71befb18136ee69201a034fb294400000000000000000000000f93ff00ff00db22970ff041d135c7c163e66adb800000000000000000000053e93b5dd2476c6aa3e0c20fadfc509e6c9c8000000000000000000000abc27f9ff4a7ef6dbf6144d76b6c6cb804e5c0000000000000000000009b657fb9cd6df7fba1b202145e5a8b3b0afa800000000000000000000073815c6dda2b6f2c63c75d40bb7aef605fd800000000000000000000062705a0bcb63eff00e3b7c14430fe3c8a741b65800000000000000000000f4f47c9bdc9f7f2dd389235edb76bff000033178000000000000000000022a44a2add37efe541905561db4d9a8610e2950000000001ffda0008010103013f10f41545c6db21e053920309284264edcfee1fd452b56ec4caf4e5ac7786ab5b768015d51b4c52b6c23b64689cf84e5a4288d4f2e134310b6a85d463972e01fb2727f82acc3154c8b6881a4d6702b504e3e17822303ea91ad52866459c0f12d62e0b49d6d6f72d68d59a000bfee3ea96af68506ddf686c4a5fa16bec719822539e149795e1f98060a540130430a66d82508d84c80c406f6ade2236496c6b113627f80aa17b475f61836dd81538360ccd190182c1410775a6d0f2eb30bcc94ba574eec56156eaad15a79ce2a0d994ed05feb12d4405405d5a7b9c28e088c685d36ba61add2f2f6256b640406c90c819c961f8860c65c612eb250d9b5cc6c59063da119ab05a230acc3695d21071cfb44a838aa44c268563d990fd81248d212a996833c1078e7d7c1fae0676cb0663c94141a05a0a736398af3c4d0e5f62db41d5880fdb0db68fc8db069a1bd3896fcab2520ae766d29ef82883a1744c3403e0b2cb9e00d6205c993e4211ce2b2aa3be596b06a15b89e090a9be326e0520a977f059b4d4aacd0d92267b8f825ac0d9b58c24f9ce04a2d026687889db5da2291b2b7ebd610c071830fb306746632c1c031eb024c1772f2c0b35341ecc3a301380c67b1939998097841f379c86d711b6b0834bd96597a84aa2aab0c2c78b4146d0028db4479e5097a7943a8e3219f12aa2ccd58a01ac38f97331c99849781390b2964d8fc6ee6a460e20e667150a4152c2939c3b3c798f664f6fe46b339a254550d019585b6d191904b04a0bcfae9030d58189043816325ee983280a04e455ef4843c5d55d67e40a55d19f7b9926b00a2c9559963f87303ab66d00ac2af1e2162d36c02a234710a658416420e1b6a0cc405af0ae4cb757aef18192b412d82956e2dc45cafd0926000d0e6a1602446822556c2cc3d4cdb2350a532333100b13942e2f3755c5434109925e530380bae6129474915d008ab5a58719ed13125d177f6aee38611423608fae3d9e4851a74a004f68d7758e339aab159522a732204d5146216db209640c19b4807cb98cf06d612561942c5d3c51e661f55a13806ca9ce3cb65ad4ca962f010a5f9a61c5471950c16fc460032dad6b1557ef1b3ddb6c0c5fb46095285cabca1b96e54a257b4d69a771e8b882b3a079357ccbcaf42087618796bde0910a5044b9152bf73d72af96d4156b863ac3ed1131569592bb6579fdb500676915b5d8db72d620a6a2ef5cb06082856aa51e104d99ad4129a815aa9598313064cce4b858853bcae97a4704fee6d6805680658d7344d6fa8d94c59706f6c30b10e37449b143069621642181b13dfd6cf9894a4f2addbf647aa402a6071bd34671de108190a56ce4aadb03911c1dd08b967120507ef0ad7316a5a3cea65c63c44d2532d002d982617502adbf8aef157b804238560bcb2b437034281780a2a31d9098f2c76d30be7d6c0cbbc135258219fc4afb1f5813423b1c110a0252959bc06eb8cb28a740dda2b51d02b105b76d4a8807885880a8e3033de7262a007a14b6cb474eeb983096d76b173467ce21ca1e08384d886917780bc420a0480a2eb83d6f73caf873f9978bdcc682d0552db1c4ae815da19680caba897a66a3dc25c08211944d19e4f683de538ba9852fe65c56ef98858c5e61845b21aa670da4aa94c3815e78a69547cecb44c998d8c6d5978e6051eb649514ee0e182f3a4720869a55b022ae4723b0e310c3a03f1c90aa68cc767ccca10b7e22d19996a58b46bbc2c40cedd432ff0028855a7d8e2547e4e9b5a1da91814c044a4b0308f27ae24cc7b52910bd8672e0f67c8e6229ac0c0abb8eacb0c13062f03bbed5cc33a8512a7c2c4e12bd5ffde08531c223376f72a6e8e223d236ff00e4b080d1510b573c6a38d14027d8b2defa8a29566ca7193389608cb759e5c0df6bb8194f01bc3e21c01568048e38ab7bcb1502028810a2b97e2339486599561669f5b3e1045d9769c5fbcbe56be5143c169ee83c5760154b79350239b66af8044d57281a1d51c409a2adabb958baf7cc05006d355588d29daa1e4ec680e24d83c41545b2b95185787984323c31a56b6ae481c57f30874535591b1fdfde211b86968aa2db0caf7b94c5b2e478b35443226c5da78daa669ecf90761dce2090695e3cdd6212806d5bf9d5507452076acafadb305121c683f106777a55b167605d40bccd27bdb8c86ef34c2f97bf6434264d526c39168edacc029827006e13cc1e22a305b6028045bba7dd2e7a7bac194ecc36c037ff009103520339e08c9c029177b824cd66eae5c1c65d83406d1fcd04bfaf25ae158bb4b37011a6ccb6e6e3cd4d401b1ba2024428d8b15f794417967cc10a17c1497bd4f206ff0067addfa1a2d8e58fc473afddac555ee21619052e41f90f32e0a2d42cb836bb555978a0a7f78edf961b20a5f2b360f9156b5a81379b9439c8c4680615ec432246149b02ae2fcc2bf6e8082b8b1a3ed1e2ab28157f0583ec64dd33665a1dc06baad639efa231b83782f6cb00aa2e895354df963798a980f2d0142072963f77ad9a25943ec4999b226d73977d42cde63b21d974c05868129e23814d2c3a80df097121529dd20dd17742471cc382a0c07151a67a18448c46561ef092e763150299752ecd302022d60dff009ad46d1d067b87e584180c0f07adbe3752c45fa62d00c3c6981477ecda16e8a63b0421459cc21c08905e860a16674c6a52f66f5150d0e1ef729aa93bcc139353002bc5d778594ccb7fdd438a097b9a52a62995542caa81a4e6bca3766d5355d55f34e61abf5c727593ebc8ecf3107ad4ce2b08071775e62a5db8dd7787504a78800e8196052796c7ed12fe45a6ace6604404095ef9c40d75b601920d1ed3ddf28020bc3f4f79bcde25e8d86da2616bcccbb02e2eb143b311022bc9c730ed1920221d8d00e0337c564a00405007aea5d4a7e45734e77f1b96082660606dba58405eea1dda80e4341e036bd899b969f9cca00d5f041c322d7f854eee2527e00271e537053b1c115cd9e1a60647e513801d4b4e553ab413c62a38d41be379b3f684ec0d23304705876a82963078dbe04a8468e1ecd9fb46a24200a66eedb15a5f5f17d0d85a5a85823bf31b030d604a654a299c1e2224bc5126c9bb6aae06301e47859c2f959ca38e3e6b020c8b14d5f1c4b493916a218c064720027c42c0e0ae05b81e16d4a2710670412059c40a006c171c0674b9d81c50aa9d1d727c64599a30536d89cd66f1ccb618c9c15baf861d9971e955c01656c06d806c02229c897246b5ebf6c54238f063833a3cb8b72f1016f128c875fbce110e98650ab442d6957706167070b704eecba77883745360c5c52181b70d4cc5e241c916baa2a260f15153380f2660108c8d3d6e6850285a5eaa008aaf69b58fd83410b206cbb31b99e165131b21db349329e5a6c775d519fe25b8e595b52c79c1fe0077bd9556d9192638ba789425f30ae593162942f999f11042077b5230a81b17778b1e61765b070c255c8d0634e6208763300281efb85db0870319b96b740135e035c400041b35a80f80ac7ec52d79a61f6230dc52ae83ab2e3da5a5ab0b0e42d55895fe000ef17f22582ea026a252c31a7bc6aacb6f6b009e09212a970d8f05a0fe209c695a64bef1458c3d8b8d924206859b76dd10a96da4ee4ffd4a7a2e6535de17b7b809a16792e15c32d294ba6f002cdc5dfa5c405587141b0cd4adf082534d00cff80dfbc092de28dee5593cc26400eccca0c9a6bd8064edbc062640de0a4c0ead347920250936a5d3c8d2d5ea2805763d9df11f22050ba2f7ddc31708670b02793715db751f9a57b2118df8ec2d2061b803f99aac367a1269ba20bb91cc2ec59780d1c6254d583ff77afd928480c40293423f165b03cc04c8a4d107500e65b5cce2d03987e5db47bd42f818702acd77f114fa106574114aef8f6bb48aba1ec15cb3df5035435da68b0029ff006a5b5a820164a14d0585c658db6aa5e2d260ded8d1c590286037cd9c77989d736a35a84116bed2ab10c09f99f2bcc71894169d57e0b18dd50f83ac0898cb24a235430b8c4edcf21322acefeb8e33da2f04220ae3b5ae52b82d0366c89931727400f9867b7da005c0325b729bc8f6787b306f5a850b5a1433e4cc142c8814bb072314347364e9ecd3f1175b85010b1976a9764ccee9514141502a63fec44e56be69417f72d990d41c5076302359c9e6e90dfc00094b192edb889400b5caba03bdc768ec4644e5dff6235a37de3edd8f964688f1cbb82f818a2c153083be7cda1ade3004b10c23eb6cc50074835a41c6f1623d4d056af05c06088ee5cc01b7c416ff00e8455ed532aabbd14d3c0df32b5829b7646470aaaef176ab395f6203e481b1f8259781e2c778e60eb4129461dea599c67416ade079667095b6ec2a9d3d9da385b9f3133f330c0f25c2038d821224003ba1b2ff008972629f6db4ce9d9911d0192c01d45d88bd4305e578d2fe60bdeb009dc163eaae0d5f88b2e41dfb557f7c166820aaca35ef215db451edcb2b02db834c19bb231ace7bc082f72af3fec65596e1bacce9f30c1a366cb2c390fda06c282612b52aacf27e18455db3b514ac1645e100f1dbe121cad76e25c9f2c9d86873b5a3984ae306e1b4f314fe102591d0e03c4628a0c6c7f5117042abb411fc091896abcc51d99dca4c99cbdbff00b0ed1cf7b8f78b05eedf70603dd09bb14022bd857793a3a3768bdcbbe6aa618f4cd2d625004065160a4a837e9cb5c3f898ae8191561d429b6468e0045d660aa13787cc508a0cda76b556233a207da3b25d46bfa8428f96fc87192262d65682e3d8082b97301caab5f73706014013bd97fce650869416cd2b7fd987b4201058bbdf3a22f2cea3e02aaa0fcf78b8861c7b62ef832c04e5175ac176eb545ce52cadcd147b4b4cd51169fbccc4641fb3997033fba8ddb8adb3e63582d24173730764d7863170e5470c706169e9fc0c3fde5b4c3495d3508c23569f2ab7ee4147d00bd792a852c7fa4c0e4aa1493ca9cd862d1f4850dc05708d03ba84109940845aa7a3e060ab1dcf6f63cc21e5315b1ca4abcb106d56dcbf9656814e8e17ff00a4d94abb5beec55dcbc2e782392acb2bc45f164e5906dcc7b61c410182f2a59b30572dff0013c2b41d975687c06e266b5114341b971650e6185b0b2865ef9813ba5806ed502c8e0daf606e6202c54280bc4a5aaa9b250d5cd7b1dd70890a1dca51bd73c50ef03dfaca99c276ef9ee406f8e8b97074c15f0daf64849ee1980abc3b95a7359dc05add39726511c904db8b851df446729009963f9cbe2e38670322a95f2cbcd3dc0946ba69dd43b836670fa2d86da9aedd99be185e41e51b0258471b3dd40be623fe12940674619ffa8c4165ab0ffc9ab5d5dbbc7d9962ad3bc0a853df8120fda5b4110d8e2002d5b196475a5bc6e3a0dd3de618349c65703233c98e9843006441ce3de537d8e41b62395c5bd49b4f7159a3307fdb202559c0d8cf261ed49246814436870cb13e6b6466ab04b52f38abfde35753962a26d2f0f542d6a0010312c456e5a5965290f08694a5056503761c261a95142fee7b4eea29163f7ed3dee10eeb25ed038b80005152377108af636fccaf3e12ac3a1a9dfc4d23017a3999d78076627f12d613ad848577b112b1addba152fc5d7a20b4707b4ab628fe3997c1cb033a4bb37e4dc53f6752b525b5dc7cb47cb50476159cc4b17c38f8dfef2e0825f3a8cbc9b4bbbd370e2acfc01830c5597a34af6a89b4cbbf889715f2be6e9b37c2f811c10e71c24ea9123ae93e94e2d688fe12c09bb5a2d54b78b6196a9505c1105119459c8b1b6d869c751cd7bc1684dbed3d9e2248c556a7cc6f5c18e2a72c14fb5bb08182402d2e4b371f5761808e98d411e31374dd652bbfc05f88c8a24ed5b017c53f082966f17073666e077808fbbf3c4e57c344bb7d1dc344bfc9a9a41a83d1007e19c272e9ac38abf9969d80abb17fb543dbd0d7121ba08634043c28cccebd0ef9dd6968725fbbaff92c37cf31c6e383896ef34aaba81454b2aed2b6d033fd994a56590abecc252af0c5e1e6a6ae327482daa4f69953da17f5bab84b6c55cba735c4a8d2ac552dad96ad705c0aa159e659ed4c7fe3b183f3841c328b1137989974d6a5c08b0ae30e104400aa58d5b2790875a448ba770b3cf6598952d10c34026e80353cc02bdcd4697669881e671e52a43169618b99794c6a875f2ba21c3366346ab7160c6971a84aab4bd4feb5ed33c32be1e269d383d5df0310c0365435e91ca535da595163af4232ed230de3f0e2b0f797bf1417c9a1f88b455e6105ad415c4d3bddfeef42d16c00e953ee2c7f508d1bc1178b886c948d07430a91389b29fdae6730a9fdceab4ca16b6c0bc8ca0ab0c64a9700b0dd73f885a80ba2eabcc3b48c3628a446b308ea10cc12bf24c2199b74a2d5249dc451498157b35f3ee45dce13c5305fe31c02ce555579cc4496a8f7dfc2477393bc2db5dc05276aafcc393bb53b268cdf99feb3b3f1292e683306acf33899a3347fbb10d7633c530bfcf16d9efe822b55b6c320fb3e85c090781a3f3d241855282b664df988eb740bc9b83f6850b0d11cad715fc42c81b50fcc3815b16e6a5997a37fd91103c1f69a33cca0b1929f660ac4a22b0656589831c9f18a291a3ca7618e7e60b00b0d7c454a94e7c41686592b55a31de2b3b6a8bbbed567e51e58a95bdd232e33a7d9606a68589a60ed289b001b0652f68b2d36da07fd3303c055cd68316bb3337aad0894d0f8cca1fc43f95dfc41458b4f20b33ef831ff007e262b52b9e7fa81ccda53fb6278b4fc431565e4771765102eb5084d660fb01b6866f8f416e9adf102781fb4ebe49136304a0ad5e21b0cfb00563218df3285ed8a992f2768a2573c4061e47f8610bf79c58ac1b1c8fe25b259bec130998e6eb34d5fb403911cbde64acaae3b4aaf65b69098219d9157bd73039b86bbdf771cff00b98c4a8285e692f5f37b940bc06386bcf132569d23e354a0b3558ee8d262f9b95a2a596f2be19901742d36dcc5dd054a0b41a6c9f785c4c0af04efff009321b59fb2a0332e5f13db0df611fc0473715c1c61f98bb33d9f8a8ca3bc2dc9b17f0d416b89e3894d5f7579b992daee8972dcc80327e50276ce7c430834c68ee4e4877183d0022de14a106fd0701028da5abced8e6ef984f9955eb24ec3879ab82bbaa83dfccaafc9fdc86c984f044548e09763b41c99abc3dee35dcbb860d7df995ac715fc443dab2f9ae251318b2503c42f79f1ccb8c0977aa79d5175ed99978409c9ff00b2c5d1e775dae31294b2efbea6c7c2566ea75c79dc869e6e0709017daaf117c1026444f8423e25a5a40da117f78fca00b5dddc183d047c517730319077cef663a88dd0c731145747eeff00e4169e37314d063dcb7f785db50e215af3155d726c71e65d297ce256adcc715c0879343014dee5154ea024257670f7f88358eb0a35b79d2fa00cee3eaca51f60f98b8176ae492cf808e5bef3670372e0a22bb6c7f0b89e0cb3d9c928eb92b3f981b770cd8775fe67036caba7ba35b7fd6e54eeba176d2b0772033003720bbf9dce07cc36db5cc4b0711356d01cac27cc348947115df87950d82dc8b67f39ff0054807087860fe2bfdc4adc602bca3cf696de012ddaad7b632d8d517c3e2567cc3ba73fcce11dddcca3e86c05ab6d147cc79c1ba6abe1817037c05d6372c00acfb8874cc1974e9602bc5d1e672e2d964b2d6df15a0f88621c3da5ed8c5bf9962837fbae3a7da5f96f3897b2a53d8f134ee1d9fcc43cc4c7e61e52ec559c15c0d7bd67a077327ebc03dd7181701a0e98bf136f79f84cc65340b5c587bcc861a7bc38ad0507827c12c370a02b65814aadcdb00ccf9ef11f5dd6d5ed4f06be20a143cbc3bfff0023654cd783de00b1a7bc31e0916db70285742686719b548b8a7bf981d6d0a3bac7614a25b069d115d34637747bf88825671b8ac3c42894ec61836ca786a838745565c40733617dae3e71ef29ff0058cd04c94ad3725f6e62b5e82df8fdfbc1ff006d44aaddd79ed2b8261f11cb53bbb2568ed03cc06a5517ab7c95286af32f8b2a30a97c40f55fcb06935e8432bd3e0a7c7ebc6f8e2e16ebcdaf988b076f53156e5d0aff00385ed94736220ba731dffa69343dcfdda80a5ea6353362bdbffb3188653030539a776642df0b1028da865efe20c1eedb001b26df0e47cc55441dc3d8ce27e58205801a451cfb335c469ed50b142bd2b3479f6d4db22ac0dca269cf680263cdda524182ee226aec174a10e2c0b290cd81efff00b1f30a3e339d4a0c4e6aabb9bf31cabd06612359ff009882aa6822085b57e2a69567bcbc4e28dc695595d9da62fcee6a556ef1014e563decb232ca5adc2209829dad5cc4ba547c697d827d9faf535e15d15366ad1c465d83441b96af0cadf3c454bb3dadeedf966e372aed01fccddf8afe225d7fa66231c98503b7fe22633e67e65c9d0a5e4f244bc95573c453da9f99a1ce93fdf10d08e870edde1dce269fa3f77af028ad0cbbc4053149e48fb2f00269ff00c219aaa15e2db1f19bc4c6705f2c99cb96ee6b6a62e44eb8affd8d0b8636a223c03ee0365e5529042bde4bcf8c95152029affe4379191ef944e276298365c0a2f768f938fde67c3bdf1593f78fe51691db155dea3621a58b36bac5f825f0b503e5aafde5965244f2104330190ea0a979945563128be940581c1c5bdb97f5c28365a1a57e22ac4cadb62cf98155394347b4371c01462bb15ff596d5b05079286e5be17b9665c0dbf04a4de324175f2e259c356d4437c0fe671b56a8560ed3d835d3ca3f896011d5d1e5dac6ae2fe41defde69be200104bb4894dfe66061c21641e453d78887da4f0e5d5e02e3d024f9c1baf8560214ad5cda7fb9a0bf6842fe17dae6041e3dbe799414f302abf9cde856bbf331406e787b5402c20936d5c5f6bca3b5ddb210da8719c3fb445f3303ef9234a89cdba8dcb1a37ff939983a2364e8dc06be49cf09df62cb38d9817bd4a69f10f6f98056712ed53e18dba2e62e1e33a35012514c954b7e2ebf5bdd0aaa2957cc9b685102b06306a33103f982e8e6529e1cc1d6d35dee29aa64bc2a7e48015aaccc5bbbff002514cde47d873fb4dd786d96bde2ff00a4e5ecfe61fc93508bef852bdf52829408bd9e7c4c5438f3e66a6cff00a30404a59e4a68f686a50594a6b51569f82550e2c877b2ff00c9709b5e92997b85430152f6ac0fc8c2b618e1977704460717c4b1d50f40a1b843bda27cbff2779c179a52f496a34d0b03615c1a7c4b60526c8173b5950f03ff00496363172a3822b37b1466cae658ba8833908bc1dea520ef45e22b76f20f37ff0091003c60c369ed305b9f1141a772c506b6c67691da22f66fb2dd3a29f87eb5ca046bdd18fc455b7a38fbc541ed98d969cb7128d980f6a94b0cdbbb7587c045445b6a1807bbe6177471098fda631e45fc5473678afee054d442c0e16192c68d709ecf109b2dd9ef0d2ca4c8efda350f66fc45601c5099d86eff0089619338a9570ef16253170a0e76ebd997d8820740a2669d1d91d2673280672373b3c9161ac4bc5afc50cb287c1ae0a991fb4e48c59fcc606c4a5b436abbb940b82d377aa60005a9b65f98d0550c8e7b4b194e528b5739d4cd6f1435e4b800031645bcde6211141ed19620037a259e64a2bdeffb8d9b5a98f0426d8ad4c05ef1504291008409a1b6877a0b288ad563f595993fb60ff08852c765f471f7eb81e6effa9a3ecf01ed82a070298f352ab61e4f085d6b22fcbff9305f76e1962bfbe5c9af3bf844a8585959fef308e381c9fda647060974eb932c0de4465531898a7b38ba5f989ed4aa5fe1a9fb0144f57bb66344aed29484d26216bdd914079c4f9b15eb71f0d934ab1ae60fbab008c069ec43976d930c46010a078799842d01b80b440a1970562a67a11ac3c7961f253c05ff00208bf6b43e461836081a28c7888711c5b72a6e4a19422446a56d7108dc0019e62d8af89e357ba0dd39da2c668368d7f03f59c615f7514a5835874e73fbd4d9e099e9a6a66a2da3b727ee41bc00f86108dc2aee180d5c57f39860eb281fbcc98ddddc1b2ce66c228562a2f2730a972b03df77f18f88d40b348db6727bc14bdf9ad5f89a00d8c263e6350bc22238550caf98b46d4e686b8e61a3903e131bcfc54742ebb4042b9836da8de91c50f7f1113a9d9401783455f68b1f552b46b02f16b73902ccf2223bee02b88c2644c8acae68af688c00b735f8c04713b8d03f8a89dbf209cd571dabc4a495430c8b4b50732e69eec6323888fb0e4f32d5ac12c172811f779cd44b742101ecb02d6be07eb2391aa6fcb0046ab57f1d39c181c9773213bc3018965acee3c42cc88dbbb83da196d684de0883ccd266f9c4119801da22cfec800f81f70d59e45fde21a4481f8752cbc02970e1a86b986d30068a93bd4e00706842975e6e609163cd07f99837de63637380cb9f1367b641ef1005693b6cb21db1253de9fa5f87958754669fda3a098a6ff12a57a02ee2176d3d91dd243f74bbcce73334103bd7895aff00596541e21006b48fb460bc6e00735005a6ea765a8763a88b43ca61f6cc59c437907dbfac29ddd094c84ad98b251ddcb1a6fc4cef89807673515f3b976a9acbbed0e07902fe62a16b5d697d88b045c0d345e738c4b1b7ef158c3b8c721f10bb26cd4b62ae38cede0e6002c29640c339788c5c583f291a4ac62786b329c35b823f350749951c002b06489c725045a518949c18036970a706daef2d8abe22d1119b72d89da6361db2cf6c2bc6236f98eeca2969e66d888a356983bbc4ba1836e55dee0a0a68e1b894ca25b6f21034d3f1165884b70c593f601dc684aa3678b8960cec1120d8b38a6ef9183420e6954da9d764ff0078601ab68dfdccb07b2925b42fde2bb0debc01cba1452d990fdbdbe7eeff00ffda0008010203013f10f42b2208d3a4920cff0082dd745599e84d420924ff0002da2b3133d2a54aa8b702ba5c18097ebeea21d05ba0cb8fd1506a221ebd7187729841972e5cb970a8b32f452fd75e82c10fa057e9216117324dc3d717304a52c978b2a54a952ba0d32e9c420d90f5bd22c5a74c4c540eb513ad130668750f5bd231e26dd17d157f4cc7d1d21eb7a74aa2ec8419e824254a8912318a0210f5b63163a810874194888b1631dae56e83d6d8aa69031d07d0a95d23944a89333a4f5bbe21a7a58210e82f084e131104c12cea2a6e652a8aa895bd6dac3715bcc573062b7301d029c302e652954090e223b92e308b89761e47ad86bef3118dad1cc65dd4018de505aa8286e2d08b4c5141707011b6c7154cdb885f7fadd912a12f979e8912a134468d415020d7107712d711a41535872cae3d6eae661da63a89996cc19818820b154370d300c2020237588ae399881eb9943998b2a6f2a330cc9835304ba6146024162e8f94af5ca1e6074e8a18cb9574b50a1d4c89610d860c2d8792002bd758738210b012c7a58a8e9d0b0b2168a315faf9b2a5148698f79b9d217681e199f1d3825e2aa16498df5f254c1ccec8ea2e661452c302d505e8372aa68aff0000c574d71c5b827318732a8ad8b196218bff00014b8e428c1101e9982661d0b8661ff01d8a886156052392a0422a2448662a02141e7fc01212e944771afe20e0c7b803a09b394e3b4518b12e245f5e34102aa04cc543169ac8f04da17092fa5db22315010ae76c7112cadb2257ad5c7f6421506e5c21472412bac754c093308729660072431d04b5e9155b89711c4bf5548e56092a08212e0e330db14ca9246903a381b1dca97161d074abe90f6c4225c4a97e9ea823cc2238ea3329d2e5cb94c4b8553896eaa0858b20dca94c0892be9bf11b71021318d4d811c35e920b04e3a6242a1f51e9704a8cb11db31cb8966e14c4cf2258df5e3a54a653f55cc301e27207a389d4bf7004ae952be9b8ac8ca656864a20d934e86e4c847dfa71f745c387d1154337007d6c3e833081433080c51c8ac9b956229d10278d415f6cd4e60b204f435c94103ee8b6a58e851835d21a956a2af5e0c30438fb66a73289767d0ce581881d4fb4e98ae3a843a78c15706534e9b4599afdb35399a4b08fa16f0204a95f6c8ba8ea1163820dcace5ea9c4771e66bf6c8c62467e89bf74978e8e19c7462740960bb8ea2666f35fb66a3b8ea0d4288c3d02b2297f78d4ca19910cd269043764c1624de6bf6ee24d3a0254a1f400b6628150fb6c3a1d18a3c432c20ae9b25c10450beee9d70dfa01ccd204afbd7025c4c1eab199c28415f7a0ea1f43320a6bf5f6e7a4fbeb53040b2388ba690232a208c1b21f60afa349ac7a3d2a6ff5f51021f6ea1d52fa3021a62871d2a2622e7e7a2b3f6ce22e2604be8ca96feb82d941f48fb1c43e8553247ab95b52b0422e21ce32bebdf558b369c7d2ee650d7a003edde273f41084708ca483182dc5b84dbecaa3823beb5f40afd685fe8d20c78e8149d45b959963736faee2cc6369cc3509a7d0dbf45aafb86e63042b10d75d60cc87136fad8c6315df46d1d7d2b8fd753e9d23bfbbb4c5d33ae44c8e9dbeb7a31d666b0e875f48afd761f4ba8bee9f573a89bba5b7d6f463ba9a75b1fa067d0e3a9690beec8e73643abc4042cfd97a369a752b330f28c60236fdefffda0008010303013f10f421b882c46079657bc16a20d3fe0b6752ecb00944b08f45554e6443512bfc042e5d33e614d4a62545afa011aa88d919f8ff00001700970ac4c741713bca810e84944b30894fafbe530231e8b46dd22b95186662018fb3d7956a10987443ed1bc144389ece87c63e33808ebfc02c2462284f3d56c612741a7a0254564972a52a977d70db0625cf48fb4be930b2e2e81835d34371f5e587483516e31cb8bd5254b99740efa433eb6a8c5a80b1c3d428b165f41d11167a576c588f2fadba48f0873053318a3189121074a4de1533492a239f5c5610372d6189f42a188241817d26465bf5d2a42a31622c63e2391bb30244c2b01d08b806d82471b86a65176b5f8979e9f5be2604168d543990cc189630742aed01d908810513c6caf6ca34c07a758c182e57d6c9eed4b8a894e3b8d157a3304e3a31c289895170ef10126b3107309cd84bb99c25e8f6180f5b1469c4b05abb823082ba67328cc030368a6fa28a252416b6a398da366255c54a46d25ebd6e81f3008f4445e0c20e8d0e5967715416e6b1d1153858860c0cae826c5da5fbeb7713bb8303c306624532eb1d870c890f844cac6235c63d02957528436cbf5c6078e6060a04b482400b60c59a611c4bcb2e5ba8f23d2fa234307a876df5d1882ca8b2822065c95f4b041980e989d456d15c1b65e7d7d40ca86124a8d3039b14f1270922a90b25ed51b8ec239a82c8d8ccd1ebeca5e11625aafb4bd71b0b980adaaee0c8bb976cdb129a8d4178c25aa6105e2b1ff005247a46c54451348ce48875fc4432011444e5d2c236563fc055371e23a070e221cf41eaa3e5c4d250663636ff0080dd4223bc1317da222bd12e2021439d4aa67980bff02d4e84008c41d41d1ac406e3aa21c911a6a32869991ebfc4ba35094d5a48dcccd2b538bd114cd83006e159597f8884e0e8bf5d51ca0c34aa83f0b012ce85261c4579843382238fee843c74372bd66ba2d45644ccd743e2b71eda4b13e8c311311174743984081881f457aa54d7516e317316fab72c2aa5671637e513b509672f45d055162095d5e81e952a57a83a8ca60461fa1f318e040602c352df41eb35d0964b22e27336964b972c964b3d3f6fa0477d4e65f49c2efa8d43332fba3d32faedf49531628ae55c08328c3a28f71dfdd6de92ebed6915339fa05c0de6c75b97163edbb8ea2cc7d0ce8232a3f65e9a4de1bfa4620a3e9057a888b065b2fee0ccafa1e23a82574a8a86beddc4c753e847df1ebbd45c1883aa9920f4e669f6ea5cdba3e8692abeeb32983f4eb0d412a2a979fbcdbd15fbeea6d1fa2a8ecea5dc3734fbbb4af453f7f083702fa28ad9822eada69fa03e8045a8b7fa0c534e8b8ee730c420e81b9a7d7707e91ae8af413f44389830151d4352ba139e83734fa88547a85cb74054bf416916ff0042ea1cf46690e8751b9a7d8a6532d02bd1440afd0d5ca99674d21d0ea36c0c7d57d34f47255c4afd09f43486ba11835336563e8a7d9307e87f5cb16fe83a05fdb61b21846690e8462c7f4357292abae92fad746df43fad3abf469d28fba334ea3e84afeb21a8743a6936f4123d1fa4a690fb62fa69d46fa05b2a97f43d0e86a6d1faaff5e47a3f466118fdc89ac35d0df4103138fab30d4cfd07d247efff00ffd9, 'image/jpeg');
INSERT INTO `tb_usuario` (`id_usuario`, `nome`, `senha`, `email`, `id_lingua`, `avatar`, `avatar_tipo`) VALUES
(65, 'Teste9', '$2y$10$D3k/5G5L4hhpR2EV3Jx1c.9j1JeDIVff4vIlHJ9ofRoVmRtoMQ8me', 'teste9@gmail.com', 1, 0xffd8ffe1001845786966000049492a00080000000000000000000000ffec00114475636b7900010004000000500000ffe10331687474703a2f2f6e732e61646f62652e636f6d2f7861702f312e302f003c3f787061636b657420626567696e3d22efbbbf222069643d2257354d304d7043656869487a7265537a4e54637a6b633964223f3e203c783a786d706d65746120786d6c6e733a783d2261646f62653a6e733a6d6574612f2220783a786d70746b3d2241646f626520584d5020436f726520352e362d633131312037392e3135383332352c20323031352f30392f31302d30313a31303a32302020202020202020223e203c7264663a52444620786d6c6e733a7264663d22687474703a2f2f7777772e77332e6f72672f313939392f30322f32322d7264662d73796e7461782d6e7323223e203c7264663a4465736372697074696f6e207264663a61626f75743d222220786d6c6e733a786d704d4d3d22687474703a2f2f6e732e61646f62652e636f6d2f7861702f312e302f6d6d2f2220786d6c6e733a73745265663d22687474703a2f2f6e732e61646f62652e636f6d2f7861702f312e302f73547970652f5265736f75726365526566232220786d6c6e733a786d703d22687474703a2f2f6e732e61646f62652e636f6d2f7861702f312e302f2220786d704d4d3a446f63756d656e7449443d22786d702e6469643a44433635383930393139454531314536383845383830433839423239393939432220786d704d4d3a496e7374616e636549443d22786d702e6969643a44433635383930383139454531314536383845383830433839423239393939432220786d703a43726561746f72546f6f6c3d2241646f62652050686f746f73686f70204343203230313520284d6163696e746f736829223e203c786d704d4d3a4465726976656446726f6d2073745265663a696e7374616e636549443d22786d702e6969643a3543344643444530313435353131453641444243424139333946324138333133222073745265663a646f63756d656e7449443d22786d702e6469643a3543344643444531313435353131453641444243424139333946324138333133222f3e203c2f7264663a4465736372697074696f6e3e203c2f7264663a5244463e203c2f783a786d706d6574613e203c3f787061636b657420656e643d2272223f3effee002641646f62650064c0000000010300150403060a0d0000235500003593000052b100007a76ffdb0084000202020202020202020203020202030403020203040504040404040506050505050505060607070807070609090a0a09090c0c0c0c0c0c0c0c0c0c0c0c0c0c0c01030303050405090606090d0b090b0d0f0e0e0e0e0f0f0c0c0c0c0c0f0f0c0c0c0c0c0c0f0c0c0c0c0c0c0c0c0c0c0c0c0c0c0c0c0c0c0c0c0c0c0c0c0c0c0c0cffc20011080187026803011100021101031101ffc400f600010000070101000000000000000000000001020304050708060901010003010101000000000000000000000001020304050610000103030204050304010403000000000100020311040510062050211230403113076022144132233315702434164225351100010203030706080b07020701000000010203001104213112204151617122051081a132521330509142627223144060b1c1d1e182b233435392a2c263243415f073f183a354647406441200010305010000000000000000000000607011210080a0b03101130100020201030303040301010000000001001121314110516150718120309140a1b1c160f0d1e1f1ffda000c03010002110311000001efe000000000000000000000000205a44f865b5556f805e81e9e6bd1d6c6ed000000000000000000000000000000000000000000000000000a273bd3a794e9d1e0a2d8a451452965d3b8ef8f5b4e5b8e70a920000000000000000000000000000000000000000000000040f075beab8db89b3e8f3294ac913a32c9f3b0ceccfa998db36cbb1edcfefe7388000000000000000000000000000000000000000000000310b706e3dbe62ba6ad4d5989263cf4c64217702609c3cc5c4c751db1ef2b724d200000000000000000000000000000000000000000000081ac6baf0965dfaf297cacd6c66212c715d139904d498c198d467e5d8f6e5eb3b73c6400000000000000000000000000000000000000000000d5b5d78073ecf2d5d28d34f514d2ccbd0638b507a656daf9f9ed32f3768dc0a7d2dbf0de4920000000000000000000000000000000000000000001038073ede7caeb94cf4defcbdbb5b3db2d31e8ed8d399c144d22dcf409c21ce3bf3eabdf93d02bf4775e2f6d34480000000000000000000000000000000000000000007938b7cbecfbb175b749f1f7f4b67a64269594ad6a54bd6249132c4ca9913855b89fa30f01ae3d517e7ec8b724d20000000000000000000000000000000000000000001afa2ff2df2eecee7a77471f77b6aabcc5ddb1ab6acf6acd0814d6a6b4913456e5cb473af572f4be9976a5b82b4800000000000000000000000000000000000000000078f8bfc9ecfbb60f3f4f6ef274fa9456b56eef9569a54b56756364916a35b518bd0ae9cd76725f5f26eed33fa2f7f3ea00000000000000000000000000000000000000000002ce27e49e7ddecb97bbb53977f536adddb2af7a55b5664549ac09134a2f4a96a117d3ed38c7b38ba875e5ecdb72464000000000000000000000000000000000000000000210f98d977397d1ecae6e9f516c6eaf955b56ada912644a9a716953244dbc698aae9c37d5cdd35d3e6751db9c00000000000000000000000000000000000000000008447cf0cfbe5e4f4baaf9fa320ceb5f3c85f3beb6756d5229c5b1f17f2337c0574bacf6f6acb957a72f756cfa975e0cdebca0000000000000000000000000000000000000000003cd73f7720727ad88b67d1b8746bc8be1f4a61d37b49dc739fb7db93cd53ab4f535f3531ecd6f5313e8edcda436cbda63dbb83a78b60f678200000000000000000000000000000000000000000035df9fef789e4f4f467471740e3a62b3df5bdefafb6e6f5f8f57bec74db3d9e479fcba34d67e86bee8e1f42becbe7e8d99af9faafa32f6f9746c6ebf2bd4f57980000000000000000000000000000000000000000003ce61ddaafc9fa8f01af2ed7ae5675d7156b63d3915e18dbd9f679f6f5bf92c7bae2f4ce5b9ef6329e58edb2bba6fb0bd0f9fc96980000000000000000000000000000000000000000000a716d0de2fd963997b0b617f6a4d784aba980c7baf74c6acd66ac5de995c5b3a4b59e7b594d32f7a6c0eef06ada000000000000000000000000000000000000000000040d73e77bdad39bbbda5b2bfbd6ff6c2ac56cb3dbcf65df9cdf8aa4d71d8f4559ae5b6e5a316a14d30931ef7a7cef53d5e6452000000000000000000000000000000000000000000062f2df46f9fef662b6c9af79a65674d71b5dec2bb67f5e39663139745631b5d3d3e9c709ac9d3e6ed9ecf26ac8000000000000000000000000000000000000000000010879aa6da8bccfa2c8d36966b8b99b26b808d6e62b7a5adeb9bb737948bec8a450b65edfbbc7d81d3c00000000000000000000000000000000000000000000002ca279c3ccfa1bee7eda56cf5ae97f5d1d1ed271bb9514515f5599bcf2f676ce339ed3f4bc0f5da62000000000000000000000000000000000000000000000208d0dc7ebcbc5e8e495ccdebaf2ddbef6fe6fbbeaf2e945bc6f37ad88cfab335e6f3916f2bd1cfd2fe87855c00000000000000000000000000000000000000000000003c3d36e73f37def758ebee2f8d1b6b8975cf7aa66ea9964a39f1111ace6364fa1e36e9db94000000000000000000000000000000000000000000000012a789bcdf7aeb1dfd9cdb67b3b569e2e36ab2f753cb8d35ccb5eeb9764f6f8d9fbe200000000000000000000000000000000000000000000000b59695f2fdee695b01ad7a970dbd645ada667b2a446afb67a276cba7f1b6d1f57c4f614cc0000000000000000000000000000000000000000000000d3566a5d6366f2fa58ef17d9e63ece5c8debbc31e9be8be2266a5abce5d1c3d07cf6dada45ffb3e061b9adb82b31000000000000000000000000000000000000000000001ada5f33ba9f46ef45a3ce785f44e1eed33a73f8de8ad229447a486eda5b63ce70f67c6b8eae1e31a6dbcf9e7a732544800000000000000000000000000000000000000000421a5eef9e7d4b697d25b633da6dab7f3de37bb75e5f7cf330bd2f8bab6775a677beb78d57bbcfa4729d75e71adb66e73bd2b3bcb36c9aa7824000000000000000000000000000000000000040f092e5dd9cb3bcd8a2da63e9fb1be4ce492c6f17a18ef17dcca551446f192f63c3bfedf3e54504f2f2fc9b1a225335ab1b1e1d13936cd1b06af4b0423200000000000000000000000000000000081ae6ce3cd9cf9a237514512de63e8cce7ef2aba56b1392e5af8ae0f6efb97ab2fe978f95ecf329a2826489e499d396178d6d222a26ee62798b94dec4fa6ab69e71b968dd99bd3c2e40000000000000000000000000000205035059cd1b39cb49c6cc4257d35a6ad24d0b4f7233ddf5adfc2b181399fae30ba69e6b3d637c37a651bcb0ad44c22787dbe864534d3899617565656299a26329ca85dc3a67077360880000000000000000000000000081e425cc5ab9cb4789b4d9ca9102bcc5798822cc84ba5e69d975ac623cdeae2adebabb77aae9ce966b4c6d60b6cec5d85cf3ea693f3ae77f01112968532f8a840891224e0f6359faabc537800000000000000000000000001af25cb1a399ba271a8a49a24885a45a4449317c89489eda6bf4b99e1b48915c7de795759d21d15f517cfcce1af45e4e9ec9aeb47a9c5f3ea9be0eb321488a6a2272044891232a156653f4b38e76b5400000000000000000000000034f59f34fa18ab4c650208926b3ca00148bd2dca65c5a3e8e698e722be9a936e78fde787fa2b81bd72d9dbe82f3db259c5de6c268e036bafb3bc84a9811454262208919ad9d74c8a3b2b09ec4c11000000000000000000000000394b570a74316564909ac6539022502b959345140b8b47d0bbe1b2695bf8b52b31f2e7ce872b7457da51ddfcd6c866c962c668f9e96d75fe7790a69991295c981312934b1d55ea764d67ea3f1ae0000000000000000000000000e4dd1c31d51653148aa4e4c4002d0bc2aa642d91525d8b7c7a42b5c9c294aca5cbbd31cd7d35c7d6fdedcf1b3709cc656c7d9f3c2faebfce604a090b82208929098c7d6f7731795b7d1ce58de9400000000000000000000000207156ae3be9892d5c7c4dd93a624a4416c8a85c1214490dff00a53b72b95ed54acb7970a7535bf4d6ed5db384f6572db2995ede67e795f5d779a4252505c8220909256559b894d16df38c7d23e646400000000000000000000000f9bdbb426f1198b02f489120489812a2d4bf0512dd1ec2efa5f18cd1134ad65f3afa961d35c85a9678dbe8ff0015ef3398cbe6fdb7f1b9a4299149158988902428cad215135eb6c8447d37e56d7a80000000000000000000000c59f263a9e7b4814262a95481292265228b62e899349140af67d239c3d0a3330c35df39ba975d19dfda3018dbbff8adec339bbabe66df7f3b4994a608958988121216e5a9553356d5ce9ac63e82e00000000000000000000000341d9f39faa6ded134d605b974094913027440b52eca65b9565d997c7744d7d5673e1f78e08eb8bbdb2be962a97ebbe29dcd84e4739f9857df05591210262a82525291644b08a6316b833558fadbc8ce0000000000000000000000389b57216ea3788a225897e4844812a62889685e1216e40de37a762e997adc67556f1c5fdb49f5cef536d13bfb8add33cd6bea4fcbfb6f84ac89090ae44a688260503170ba09ab1314dc55f4139e3a6e80000000000000000000001f31ba1a77542626981625c9311008112599a5115ca0533376afd26d31a99ceb7bc722fa348eb4bb206cde3b76471dead67e63cefe72b3124242e094953294514cc25196b4c08c4ce9ad0dfd947d25c0000000000000000000001667c8cec60ed129526225982aa6744494980b4da522e6521425732fa017c3d222ceae1df4e9574ceeed354f53cd6ee7f3ef4e2df31db60ab33102527248996629269948f3993d1e96b784e552ba32b59faf1cb1998000000000000000000003594be5df656d652a6acc094c517e9a88026224b3346b1194e5b9525d57396f2da9ecf9df393d5a5c6b9deda6ac2e71b7d08f36f8e5be61d77b184e0a24e52294a8c5a844ca79ece3d1e93217089cab13707d17e58e87a000000000000000000001a36cf9bdd6b5b4451508131822f8ac453551310200b42e8a2492d9134ed9db0d8185be767a74b3db3ba2a4ce3f3b7d19f2efe4d7f9b35e88c56705341348a4525a8566ce184a47a1d55d373314eb35d1553d2d847d0ac5100000000000000000000e64d1c0bd2b7b44515012cb010be4d54562b1104494b42e094a4579a7d0fd72f4d5719f6d3c8f4e75d35e58fa5bbdfcd9f0b37e0dc7aa488a88a44c9b628229429c5a8c3194581e8f49bd989a6b2d6d5898f5b13f5bf8e2e00000000000000000000392f47107545b4a644c4094c2c5a8c4e4ed5ac8aa99d1104094a05c14089d83ae7b5273e74eaa6b3eaceb26e256d5b76479b3ab26dc9d875d18adc168484853284255ada27059c44f4379b9b44d312d6d39132a7d51e38d8f00000000000000000000391f4711f4aded13226224862e2de6339f4da2ea69553551302044b42b8299b76f4ea0d32d3fd34d3bd59dc4cd6248b74a79f6e7ccf7d5395e485c9624e51245a9c2d62d6711e7b28c859e8f59ad2a059d5244564e491dedceeb8cc0000000000000000000727e8e16e98a7689c9c81218c4f81c1eb35be62d49917099d0224490a05729a6eed4ed3df3f05be5a5fab3ab33730a4b6f7f3efcb98ef87a5a10812902dc96122d67138fab0992faef4da92b088b4acde4c4d135a1baf38faa3822000000003fffda0008010100010502e4524f144d977461e36cff0022d9c17594f92622db3f92a46cb8df912de69619a3b88be847bdac19adef1c12dfee0bab870bc7cafef334af7afb9453525c66eac95b3b0dbae0bab76b8387d0398ca7e13f3d7edf764baef04b95b36a1ceec3290d6b9becc7ee126ddce628f27340dc66ebc8c2701978f2763cfefe5920b3c96e4bd7642fb332c9731b0994404496edf6a06b5cf93dbf7aeeee8e105b35cdb9a80dab432edd5f8f0cd3e5f9fe573d6705bee39e1babea87277fc886522f253fc32f645243f633ed74913a8e2d627c65e5b1906c32175632edaddd0c439eee9cb5be3f1d7d97b9b895f732387b65ca2c7dc3a37d84e646632e645361df47584ec06d25626dbccf031933cfb1ecb6e87d858636ed5b882dafa1904d173cdf77efff002ad77ba6085f3498cdb2e706613b5b16161ac78bb6629b1504ad7edfb7737febb6fd9ff5bb60a3c3dbb197780b49db98c05c63dcf607b7172c9697384ca332569cef333c90586526f7ae21ea368e2416c2c6b420380aa6945756d1cf166b1a2cee1a487ecfbeb66dc0e77b9fb7fc2ddbbeec7c5defc3c2d86d1ba0d68a8a88e856ef676ba3b8607ed39e2299fb79d67a096e31370da3b05187cb61fd2104386888d1cb77b496f655db2e09ee6f9bfb79d5c33dc82fa20d9f03d26b13fc6d4386aaa89d0adcd6deedb7b5fcff001ad8ff00bde79bb2d3f173b8268135a0ed8dba0f0095710b668f2967f8594f8d7faf9e6fd0f6ee5d970fe45d37a2333226b2ea17a6c8c429a51740a5bcb6843b72626b36e4b673adf30d739af6bdbbd610cc96c03736b6d6576dbb8f9d64ee9d6b06f3c5dc5ead883b2473c46db975c5d38e3f2b2a931d98855bcf9588d95f48f424a8bc9dec5791cb7422c0d9d61c6e1204db0b322d21f616fa88f76dc85ccc5e1ba49ceb703a91cb1364b4d9e297ee6f735ce1109f3727bd3ee0c9fb90499316f6523ab0f56641a6973f93ee646c2fadefac2c73715b63a2bd8d302de3077e3f17118ac31b1d073aca5b0b9b495c23831561f8793629ed192a8ec31d1a97178c739d0c720fc7642db7346cfd54f6af2f85b2310f70a11d34bbb78aea38806ab56f6c3ce9c2a2ee27bc43334ccc4176d5086abdb0d528fbe14ff56aa04189fa5c1751b17468ed6f3bbeb7ecbbbd6323c8b135740bb804f928012f7c6da29474ee2d5ef805b30a3dfdda5c7592d63abb9e5d41efc79586589d6eefb03d17a3354dc4945f931b4c374c22e6f238d8dbd826120f763b3bb2e40aeeaab4b7175906b43473dcbc7df8fb292ad63bf92eae9b006dd46d12dd7b88bae43a092591ce7f726dc485df96191dd5ec64c170d92d04dfc7868c39dcfae23f7a0b1f76352fb90de656c5f72b3135de0d633236b90b60ded2dec0bb1a17b32f6e51d92f79b839d90491fb16723191330d17b767cff38c6e3f21de6e22b37152411bd90e2adf192dbdfda519ecb607cf6c21b9beee36b6e3dc7743253b9cf92faee3608d9cff003f8d391b0c5e4136edb58e66cad919dc9cc09a28810bb014da355dce18cbabcfb76858b3f1fe802b71d83f1d7b6f9163e2c6e4634d3dc1ec5752ddc6ac9d7170d6b68ae5c182e2e03ee5f6efc9e4b1ad64767f404b208d9335b32c9d84b849ed6f841798dbf89d09911704d3d4cab29930c50ddde4b7787c6371d6d8d93a73fde1bb6df6cd96ccff00257f6f37f1c9711326665f052e38e1b2d1010e4a27196eda143912e96ef24c89b7d7936427db580663a293a368e11ed8dcbfe50f3ddc7b96cb6f5ae4eeaf371e5a38e38237b0482ae85d246d78c96d78667c9659cb54fbccc831b73d23a0db997bd762f6f5963574686b7ee5bd3bf15ba36e6fd8a67021c39d6eade367b7e3c8646ef277388e99c5453431ccc2d96dd00d70f6c2f618840c4d606a69a20da9a69f27b3ed0fef8b0fbcb3588658fca4163f77edfc920438735ca6e5c3621b97f932ee7134b24d214d98daccc21ca8a8bb53ac821216bfb550a7ba82185cd08e9f277fc363912bbd07958cdd399c51c77ca1d2db7eeddb856d99c55df31cc6e9c3e1567be40ca6494b71248e46ba3fab7073bae70edea8350685da9cc648a59a0b39449ee1b6b7745a1d7e54948034283b4ee4d95cd42e1cad73d96b3567f2367ad9587c998f955b67b0f750452c533394492c50b327beb058f199f9172b7aa6b87cae2533abeba1e887afc7b702e3040508d32394b1c4c179f20de4b7077554df6772d7b158ee4dc76031bbfad2551cd15c45a7ca171df9cfd0ead769555555dc8393643dff001e66a4b7c9726c9e7717876e5be4d94ac867b27912e97a176b17a68e352be37bdf6b2c74c8644da8cee2739939e09ca8dc14aca11d13def7bf10cdc3b4ee31598b2cc40b7e4fefeee1a3ba20d739014e2087f6e26e9d657f6f336e20e477dbab038f6e6fe48beba13ddcb33cbd1770ba35ee4cc41fde0e981beff1b972412cba65c35d6ac914b6c16f2dbfedbade60f4f3fc524fdab63edeef335bc5232fb6d86bb13937dfc1b96278dcda510f0187f9e2243f665e0bcc0f22df195971783323abde7baba5784a1d4a3a7fe18dfcbbac1e1ad5b656744e0af2025fb9311fe2aeadee5b34786c1cf98cbc2c6c6c77a76d5becc6c9b778ff00dff08e269ff71dcbe35ca7f3722f949c7f11ea4e878eb570d0e8d5b36ebf2f6ec5f6cc552a1cdaadcac6371d8ee8b6be45961ba1bfd8efdc3d240b76bbbb3a8ea7d07a70b3fe4755b7f2271b9189ed963e43f2a1ff006ae4f156b4d470fe8ee8f1a14537d7e34b92eb77fdae77a0f593ed5bfee043658ff59a277bdb572dfe5f1927ee67a3fd776b3b770694d0fa7145fdaa390b4ec2cb8c8e1f90fcab735b93a33a1a700d1edee6c6eee668505f1fdd0b7cfcbd134f7463d6e7f66feb8f772562282e99476c4bff00c7cb48a23d261476f0eb9fd4afd784a83fb2a82d8f99ff001596e43f20defe56e3d1ff006cdc6dfb64d1da61eeff0007232f58ed5d51e8ebc348b72c86e3396ada32e1b556139b2bc710e8e13d2e56e67f7e7383f5e12a0d0281e5afd9b98198c2f9fbcba8ecad72372ebbbbd2e00ed1e9c52040d743a37a8dbf7a72580b67d1f27efbd77d97ff007e4a2e8d7fdcd216dfb837982854ff00d79c3dd99d29a37a9e17283fa95534af8df2ff008797f3ff0022defe36064353a387736335671c5d353ead5f1b5efb98f2ef6ee64fd97d27f24bd6e47447f6bdab604feee11bd1efeb1e5cff00ee743a3383f529e55bff00412869657325a5c636f1990b0f3df295ef7de3b509bf6bf8dff6bb4282d877df899fbffb1d11f720cbbfdbb870fe55fa3c2f8e671eebba11d5996ffec6851fda157aea54c68d8ba414d59ebf18653f2b11e7b7a5e1bcdc3c12f496bd3888a88cd5a8e96570fb4baba2cbab5c4cbee5beeeee8a0fd504e5b125f6b3e533a0cbff00f63428f115727ec1d22aaae817c7793fc0dc7e76e256c305ece6e27e09bf682bd78ff6bd11a36846cfbc37fb7716ef6ee77741eee19a7ed0869b624f6371fa871ed6e41ddf92d28bff002d6aaa9c54fea7d350ada77dbcf8fbb65f5979cde373f8bb69dc2eead8ca1c6f6d5a0f73514d5f1bdefdf21fc7cae421fc9b0682d03d74b093d8cb7eb70ea326777cda7ea0d4ea514e29dd6e1c50406834f8d3242f36ef9cf9124f6f6bbb8851b2855e36fdae4505b5af8d867b34d2d65bb84b0dec7ece4021a4d5059277372d3fb38d68ed8c695a06f46a3a14539ca3eb3a1a8d3e32c97e266bce7ca5296615febc055c7daf69ae838a4e9c00b8286e9b97dbf839bdcb3dc717b39f086971d23b197bf19b9a7f6b6f6af3d3d139e17712abd114f72b73591a86a34c2dd3ec727148d9a2f37f2b9ff6727eee1bc6d6385fdcc1c74aa674d0a6f43b02f3dfc3e01fd92ef3696ee31acc2acc24ddfb63785e0ffaf390d1d52eed0bd11d4953ba8ad137d512aabb826bd467aed3bcfcedbfe6fe56ff008f29fbf86e3f6dabe898eae838a4fb4ebb2ef859e771cef6f2bbf5b4cf0d014ff4dbb3d3666e2bff007e13a5537d4a3ab8aaab8fdd69a928bd77d50298f5f15e59b2da79bf9529f8affdd5e1b8fdac25b2c44d78dd4a47e9a40666cd8e9dd3e4b7ff00ff006068149e9812effa65db9ce9ca09f5a0f447429c9ca6f5b4f508a9094d155da15105b1eeaf6d37178bffda0008010200010502ff004e8fd18557fd1a2aaaaaaaaaaaaaaaa81fa0ca27c2afd04ef101fa00a3e20fa01de2b7e807f8c39fbbc66f3e29de1551d5abb934d79dc8ea06bd14782aaaaa89555dcaba8d23e773ea75e89cdd02720bd3806918e7720a828709d1a8f053509be9cede86b454d423ad3800e7b237ae8353a0474aa0781bcf5c2a88d02aaaa3a0289d41d5bcfca3e2b3e8076b4d29ad1535a268a7d00f1c3543d138f0347d024270f08268fa0e8a9e08fa042945083c602a694e9cfc04029d9a35c88e0082714d15344473ea21acb1534122a82ba2e8bb9175500a36535239e01c2455490aa7080a38e9c3dabb1539bd106a1c6f88145846a1471d3c1ed5d8bb7995100a9e116d51817b65471f6f8d45dabb55395d176f8a235edaf642f6d18fc8b87280d54f1404103a1d484478e79353c7a2aaaa0823a12aa814478c51e46153c60a9444ea0aae8784f8cee46df2cd4ee008f8c791b7ca84dd1c29a847c7239137ca0413514ed423e3bb910f2cd478023e40f211e48ea104743a047c8387200879408703f53cc1be5421c126a7c89f3edf241045043824d4f91779f1e51c826f03fd398843cb3781de55de747951a3381de55de75be5427267a6a743e4cf9d6f9509ca3e028fa9f0cf827ce37cb3947c27d4f8650f01de71be5e3e177a9f0ca1e01f1bffda0008010300010502e47dabb1762ec459f43b5aa9c5da8b7e83a203c2a223e80083553c377d00021e2b873e6854d02a2ed5dabb55151515111a9e7cdd004068555555555555742dd48e783568f0ea9c347f3c6e83c53a1e78dd1be20474773d0988f8a53cf3d6a6687c47a7f3d67a33c1ed5da82a68e5ed554b1f61e75047de5f126eb4545da8b576a685dabb1762211d1aaefd39d58fabbd74011552a3ea9c13d311f4ea5044a3a1e8ae1dceeddfdae68a993d5072eabaaf455522620e45740aba14e521a9e74144e5237ae955debb937d1c823a550d4b91e790c95693d11d288357a2714d545da8b101acaee7b1bfb4fb81da515176a685da9d1a646bb288744e6eb33a9cfd86846b540aee5dcbb9772281451531e7e130f4aebd8a8885d1745d112aa8a90f5e7f01d0aaaf54f63d1eea86bab1c29e50d2477d02c3420e9440aaa2a8aa8e8548efa0820750555172aea53fd7e818fab4aaa1c14d2ba3bd7e81b77e8e6a69415151144aa27227afd020d1432776858baaeabaaa2a2254b257e84068a39aaaa8e95d09a2924fa1e29fb507076be8a696bf44b1e5a99302bbc29a6eefa2c4b4466aaaff00a3050e21f409f11bf409e228708fa04fd1a7e8d3f471e13f441e13f441ff0046cea7e8a3a9fa28ea7887d0e78870d3e803a1e21ce4f88743f469e51fffda0008010202063f02dd7bffda0008010302063f02c05fc0d6429c3196fed743a6cb591b84820327191fffda0008010101063f02f11294eb896d29eb12652852fded0a4832c20ef1d822a93dc97299b4a7b8eda959e10df0e694851189c7157fabf4c06ebe9d0b404dae3579542d1c429fddc2cff4a516cedcf3843cd2b1b6e09a55f1166a504817ce2a69b87c9d5b1bbde669e73cd0a9bcb387ce51cfa631a8da9b1b859cd9e09f242644952af3f34376ee352c5cd6ca128a57b0672d8b130a5d6fb2525412562eb6029266955a0fc42a2a66ff001ebdceeda909c37c2da7676173883a6d561475afcd0b09fcf5e25f35d0efab38593d56d3326300fb70d8cea84a9762962c4e81f5c583d5118b3e7305b6dd52cafac20a7fc82a9d84a64a96f5a3b339c30a5bc9555e09b88b316d97c40a979a189c6db2a4275c513d50e617681562c7ae4cc8d915ced856f24b234605db0a4cbab3942906d51689f2185a8f9cf615ec94e13a660f398c63a8d1c2807d1bcc0403799ad7188d9aa30812b2d8d473981877b5e611f8926d94e276dbce61f101cf6cd92d3927db2a1390eb096785d453b5810e0008d9659e48bed84cbce4ca7b20872db1607aa60a6e9b8b9cb6590b36eea42c6d2250d917aac10117259de70e95aae10073927fd66899f3fab0704e4917c0c42c80aa5a95b0557adb32f2c0a479c7ebeaea5d4a45b34245d3c4af1f3c95d4165f58f6411d7be16a754178d78d45405a76c041562426e440c19ef4e984aefc318f06f6981244e52328de0a98844d3d5b844e455692a3a4c293233509796f82e0070a242149524db69e68da2c849f3734533d54971c4b6a9e16a53c59afcd0dba0148589c8f8f6a9b490a4327ae6fbbab1329da2021292677194256e5fac40005d9a26a4ed11ba8112c222453cf180205b9e0492242f8c386c8fc3853a9683ad1cc608122ad13b04325b29c4d1c452bcf286dd2ed3a9c22d4b26c1aa46df1e3eb69f14cb958f1cd0e2d4e29d52956bcaf3a2f9ea8f78744fb3160f04b42d33988703602520ce02b4c53a1d64b2eca5df84829573803c795ca5666ec90998bedd1081ae1a4a466f098e56449767655a6024efb617683d61b2139c4acf1dd6b4d2f028b66dd504ce62d1b764378add509f08a9f47cf0acf0df72ab50bb440f1dbcd9b96da93e510e8b4042d4803d52611dacf09d9e116ac38a4217a27645754916348025ad577478f78930948012ee26b6284e1b09135984cfc2290a13061da72998266911c57d15363e5f1ed6152308286f06bb2f879c50fc2eaf26259908b1623ae9f2e45b04b8e04817c492fcf5c606560ce24e4b0e9cf1892660c34e816ada8ad730a528754918d5e8df18d37a4c95e3b0a47594640c37c499517949921d06fc3158937c81e982a39a0a9293845d6d863d9b9dda7b05516b98f618135a868b61217e5e4b2149c441579207bc55e19664980314d473ad56c6e260a44f09b8450b986c21409d909725843d6e187919aff001db1d9c76c2d0a99c5a23882744c74c4a344ae02053b2bef5f51dda66aff00b4acd090e290c36b2e26f52d4828bb1488bcc315152de045489a42aeb75fd309ef01d46046e89ab3416b38eb6813d261b421d7eb592a9a90d28b4da9b39a6dc883136df71e7d4ab58a8f68828d73893b4fdce9425534f34f919773b4f4b9976452b07f2db0216e6759f1db88ce2d1084ea9438a0061a9a7c6996a54b926462f463fb60d2b3a80974c622da153d37c60c0a522e95b284a508c001b13a397bc6d20e998b62d64448341316c89e465a7d3891df2552d9383a05d08d76f8ec8d221c6c0f6aca8c93ab345226585e0da90b4f4e45c22ef034e94d8a53a003cc6129bf4c01a3c781ded89fd31c3dd458a5e30bd92f0523914894dfdecfa202bcd4e7f1ecbcf1d5865781630aa46cd303964393ae35f2625a82122f518934ea5c26ec2671841b7318534e1938836f2a3bd9e0652a384698094890170f1f54894e499884a6fb3ad0a4e8891504cef27344f1ce76e28386dd113488961283042877b2f34c588c3b33425574f3c77cd193edda9d72cc61151e6a918a02819ce1e7f3d88f9fc7eeb5fa8829f2c290f9df41295373cf39421d015ddb824b9dd0dbe801600b679a1aa87a8555b432b5c695d496910dbf4ed9285db9ac81fd293669100fbb293ae50b5268d471f9c739857f4c1033ccc3745494ed95b9a4138759b61bf78742dff3824484e19a34f594247e584cb342165212b7b78e9966f88097027d9d6ef4fd217c11615edb04161c82dad2168224a49ba1e344d4997c1ef28fcd9e94e88a2f791dcd43a8c2ba73690656ce5a34c61241481693077814a3308792c352de0038ab8eb10a7956ad5e79be01227284b8ad3643144cf59d54a62d9273984205c801239be203896d45152cfb4a650ed0cdcf09b6d16389d62f80a002542f8c433f24950adf36df16cd5c9b209067a6516916679f9b0be26b68076a14432a37f7633f3fc42738a320fbbe33ef694f9a7b42136f7a15d5829509016095b6ec8074c591b899819e31ac603e6c6b83bd6cbab0436a16a429c6f31d71ee4d4d0d24e2aa7427aa345f9e196d173630fc41273cac10e21c014153c40eb853ad3657c29ed1d6615f4424e32a4ace73618169966273f24e53d263736a844e6259a2dde099822e30af75df71f560605e6dd30941dfa95ef543b7e23187b568f8816617b88d403eeb4e6e1e92b543dffd0f18a85bf55c48ca8d2b3621849cc9b8623d128c5e62ec274185a1c46241b148d306a291ac7462d205aa4e9e684b6bb4a25845d0311bf36d83873fc90bc64a41cf0a13de1d4814ec7b6717ba948cf1ef2e026add1bc55e68d02308ebaf751cf0a6db5969451850b198e98a8e19c430b1c6b8728b752ddc1dc3677881afc7ddebc7bdaa73fb5a406d5ebd90dfbc3d8aa3895421ac599388d825a0436c329c2cb090db49d094890829509a55788ee1e3fecbba751d7052a1306f11ded0abdd9d9ce43ab1bcc97427cf6ed8094513dbf675637695633254601aba8eed19c0b4c7b344d77f786f899ba3bc575ae4a740e467885392caaad943a5c4996f2770fdd845071a5869e3f815fe62fd7d060149983711e3b2cb52a9e26b1ece9f323d25c3b595cf17ea1d36a8e6d435470355e057b33f2f2e0713311277dab399e178f5a310b47275472591380a58b7cd4e8e5e02f0bf154215b2482213da45d018a7a90ba61730f0c406cd1013c4386ed758559fb2a84862bd0db8ab9977715d31349983711e363ef7588ef07ff9d1bcbf208719e154e28d06c150bde739b30e985bcf2d4e38e19ad6a3327929aa45f4ef216398c4c198368c82b60f76ace9f34cf54774f2702f34ee3b0f28129937245e6313b6b9d9cc98b79783ff00bef7dd4e48f75ad5840fc956fa3c87e6809e274133fab4e7f855f4c0c550e53cff005107f87140f77e20c384f9b8c62f21b7c625353518ea4098a56b797f5429aa63fe3a90d9dda0ef9f5951351993e71b4e4119f3470ba93d67299b2efad877ba792716f2615a4286b82c2eb19c599a52a4a035c00d6170a84c2819a65a60a9c56379579d0340c9ff00e7d906589752a57306e59761944c58748b23fa5e2550c6a0b848794d56a46671384fed0848afa47294e771bdf4fd30aa96788b25a47e212a961db384b8cb8975b5755693307c525c75c4b4817a946420e07fdf5c1e633779616d5191c3983d8b5c97adf44296a51529666a51b49dbc9eae49a79952e85e5b641d0af683ef647bcf11a94d337e624f5d6742539e30d15236cf0f97e61577ebe70404ece982b6b85b616b1270ac9c2ae64ca3ddd353fe3d8ec52fb333f5badd3094b1c5bde529fcaab4f7a0f3f5ba610d71763dc5c37d4b5bec9e6bd3d3087d8712f32e751c419a4f3f2f09a507fb7a32e1ff0098b50fe1f08917c84e3fc62d64d3568dc6f325c1a36f89f15755a1a55e966f59fb22d8537c2698329b83ef6f2bf64590555758e3d3cc4d9e4bb249d3cbab92ae88ab72b29f1a07a4d1f9f17269d505b6101eab36a527aa36fd10ed7d48554d5a6e20eee0d084f9b181624a4d8606689a6e8b610cb20b8eba70a1b17a89b8477e8c4e53b9fdd515edab60cc76477d48adf1f8b4eaeba0ebe4abd14cdb4cfeecfe7e59c5b60d1e015a9314b52932530b0a865f4f55e4058e713f125477fc45a2e5358e30838973d1210b6785a3fc7b5fac6d74fd105c75c2ead5d65aad272e695141d51bc0389d37189ddab9786569ea32fa43bea2f70fcb165b3bb6428d2afbc4a55854f0bb10be500aaf11608ff2940d6f247f58da738ed40b6dd3008820c278fd622f98e1ad9f2173e88c2e202c40ade12e1a3ae6ed429371d461cf796bb8ada5577756d66c5a46d8e2855f98f1583b7c238352613149dba79b2b9fa3ff001f11ba69d7ddd4d5abb96979c4ed32e68274ff00ab6149d17781d5916dd9cc53b350bc2e16024ba8f384ac309a34f559e5c404c1bd26e855553a6546facd9fa6ad1b21496c297ac0b219a450fe981c756a98fc3faee8434901296c04a11a00ba123914f04c9c5892ce995d0faa57a7e73e11cd8392a7872d563c90e35eb26fe8f11f0d4e6ef1665f67902b98f80964cafd5140a2ac6b6925870fa4883af2389a5c4eef74bfaa2514ca7558597e74c49b815ca5d221435c275f2be3b225fbc728653db07251d503f84e02a1e8e7e88438833438029276f88b860d2b73e4e43032d274d872b8ad193f84e21d6c7ac08574ca01113e5ee82a4aac5a536681bdf3722d775b61178861e5ff0072c7b1aad65372b9e13c928acf08ff0037203a2134eb54dea1dcfb1e6f88b85d3761b5ad436912e55a3b27a32d4201f2e48649fefd85b40669a7da7f0c031b2e8f96098a4a7ccc53e3235acfd51394599ed8551abf0eb9047db45a20181c9527fd5f929cb7b6f2b256ac34f507ba7f62ae3cde22ac00cd34a94b039ad3f2f2839962479bc029199568c9a1ac9c853be85ac9eccf7ba22636c4b90c57a89b1b58691eaa47d7c93d514d562cf77750e7ec980537113102018aa3ac8e9393b320e7d5cae9f4b21852978aa297d8d469ddb8f38f105455ba70b74e82b513aa2a2a9666aa8714e2b9cf2850f30cfc005e7419c4f31c891b8df1c3ea499ad4c043beba2c312d0601d3187b4408ae55f37d7d065ca63863e6d51612959f490309e9e5add4e2bef1c952b4e5a8e951c8f725aa4d57a707db16a7c41dca4ef56381046948b4e428691099df2b7c0291d9bb664d7d013bd4af77881e839f5c4bb50954349d2a11547f9eefdf3c83916c7fda542d3fb7bff3f218e2434542c7ef1f0835db90cd43464e30b0b46d16c5256b6668a9692b9fcbf0fa1a107fb768b8a1ad67e8192b46b981a8f804ab98ecc961a2a937c41069d5eb5e886dcec9b6045299de651507f9eefdf391c6293d169f1cfb9f34030a1aa38a7fed39f78f8356c846cc97f87ad537387b9b9fedaeef27c3f89ae734b6ef748ff97bbf364a0f6848f80234c6b17e452d5a080ba6752e02751b7a23bd66d43c80e367d1509884e9b8f3432f761d16c2d5da5a8f49c85339aaa95cff00a76fcfc8ad91c50ffe4afe5c84e591a6103564b0d29526b88a4d3af69b53d3f0e79d51925b41513b21e7c9997d6a70fda33c99f64cf94e56a58e91912d31465666e5305533a7d4bbf7488a96342b10e78aa32996c058e68db3c8e167f556a667eb8fab917b23882bb552ef4288c8d832d09d2a8032597dab1c6161c6d5e924cc4525637d4a9692e27ed0f86f16705854c96d3b57665ecf0165e2e8074e4712e1ca3d609a9687eeaff861a5f9af0293152ccbaeca8744141bd04a4f36470a7bf46a90af9be78234428ea8a9705ce3ab5fed289c8567ca308d5969a627da70d70b27d5bd3d1f0dabfe638d23cab196b4dd8adf02a4e9de4e470e7e72438bee1e3a9db3e59436f0fca58308cf8c47106bb152e0e9c86d42f4b883e45084b9fa802bcb6c57bc2f6987143984245f60b7949f013d196e51a9526f8837865e9a7abf0da46bf5aa84fec89e5b6bd3ba7c0a55d936ecc89a0e158de41d0a1718a5ad4fe7b095287a57110806f459e48e2e8fe7e21ce9190a57644e387bbdba568cfec08e2ce0bfddd491b55644b965a796c1e58be34c68e459cba3aa41c2a69c04186dd4751d485a761b7e19c1d3ff0090bfb996755a212677f8129ecdd1f2f2f10e1cabe8dec68f51db7a0c5533e94e2af42da695f2e411aa387393b99c33f55444044edaba8423f64e23d1902465216c673160ca3962386bd3b435ddaf6a2cf86705ff007d7f7215b728c291a0d9e052bd162b66432851c2d71041a670eb36b7fbd0fa7b57c255dba56fa0ab242bfed94ea7f7b17cf1c32987e5f78eab69b074641565883e02b3842d5ed69d5dfb23d05587c847c33837fecafee42b6e5189813d917780b6ecf1239b3f2b4aa79f7e9582c002671e694078b2b64ba84ad4d2c10524de2462934aa904fcb93c5448c83cee13f6444d408385204f478310796e31a36c5e39681da5a77aa462c152db482b3dd2f75448198587c37fffda0008010103013f21f4160e5bb187bae5a8e8da53f310595ec61176aeda843734196ebdbcbb6ae30821ec350d51ef055d6adaec5545340c38601b91ff00054660b48307bc2a0dd9bccef06877658e60ddbdaddf7325435760ed0b5ca39f82309eb5f18dea2f8359d0fee2e35cc7757f34d01e650a790dbef31b542dc1bed981e080f48ff80b191670581c650d1dd99508b2f16c80037832151d76290cf8be371c9e6dee9f9aca5f69e2e723bf67e666df31bcca05ef32e7f30f01f0e8f2cba3be5357e656d79b2eefb8e02622e300b63a73ac7bc71032611c31dffc0040ad4d083198df924f574ee68a4f6a8bbb8431d91fe3e61fb26adc54a0ca57fd78803f89ec2c98869a9f84fde1849d802ed7cc08c4cc72af0be66902ac5bc6255637e563b77f142f836c6165adcaec51ff0061b549fe001c9de09ebe9f435756f215707e62caac1a1ad91daed108388e78040fe60a6add818b873a9f0215fb8c2aed2bfcb24c4603071fd24abcacfefb65fcc041b2affc9910de1aec0982331a9b2dcadf7ed7157942e4f3d88edbfad5c12dd56145d223ea042c55c87c6bdbd7acdb74f0191e33de3116e4fc8808d2fda61d8655793ee07bc50dfb399d9bdb0558cbaeceaee9efcca7a3b71761809801051ea59e02ab9eeb283c46f857f95ce64ad3b6b11c96f0360cc0700bc2375aac41a6d85edda61c008355570f2868464a92fd7594789521408f03195983c5317ac6d1ff0065bf94b5ab0f15348dcf912631d384096b4afc41c8eb6d404469c0dd5dc709294bcbbbdc6ee60388cad2b71c14bceb11e43e1b476c4a13d66af010b54faa6b4a70ea03f72b7ba742557ae5cc8ea8fc2f98ea08ee5797315edad8e106d46af982c12b52bc748204a8252246c6730fb0635de234ae43a7b6c87e1c9ada78c92edfb5f0e0b4b6e5b668564e1f5b3515bbb83b76f781ba7b99a897c550f894fcc6e1a210ca81d4604a87980b99e2fb40b9ab43807648c56011526e973671f30189c0b78f5b244cd4a582d2c9a9136761fb08902c27fa20c1e0a2670660840952a3d130e251644c8eb067c071c452c1acf6cdd6cc4b02ee8baf5b0db11f2128fa223543fa8bc62679ccf931706208420c18c3d2b3320ecc2cf1de56d16995af9fc4668c42954de5d8fae2088e47640605d462803f7968762a70c70e0951c1fa4c4631c4e085e834dccc00bfb3cce6d7bbf1eb960cd78fb7ff0026fe2162c27b2e66095c702ef52e96a7fe3112e48046f1e454d8266ba80ad7e0d5f68190606cccc193efa1f0c242e745b7917dd1486545332b6407cc5fb395564f7f5bfc407928f214940d89fdc5d3ec3f8468e8d3de5949e3fcaef35078c19ecd4d834e7643babbc96cefde5b85c1f2e63db72c362f899f93bbd0638bda26218815c8f8cc114f2dbf98810be2250a9f704ffd984275eeac5d44f6a94f3eb697f6a7ce55901071c72fe27899f864ed9876444a61e07e23b1e6acfbd6c8b9eb8659d050aa8650b976e3b0ebdad30c4ba9c4ab07714f2189279398a9c2ab27c408f1ae20a3b1ab7da0d602dd26295d1ed5023d888f6e8788d5322d10e36187ed1cbb6d79adff00705c2a85f8e3d6d1861bfda0a1a5a99548b40af23cbb95e4bc4ccbeed8fe488e2eeec4bdf68adeabb376eef78459402d80f0b2db3bb6da56f6a99c7919bf9fff00623c3bba8f62f919b27b80a975e25fd7479844208563fe92bfd9fbbd6fc9c1f998c90e8bbc2bac43b008d1af88a3bd83ff0014a5a5c061355c748db70ec4e50cc0866246222210a8392879acacf000f5c300a13fe1090b6fee269589452e05199521a78968704081bb069da1a1d7539884b1d12f94d35e15ff0031de307c9f5d2a1dd7e7b31bf98eba3bae98adbb499f6457da58674dca0668da404ab7b99b10be19ba0f681f2b2bc2343f8434a40bec318c231fee61bb83b54b2142b55aa0b9430d41ebc19dd43da15d37d8518dcb2d65fed0828dde0779a3c347cc10294e528212aeaa72f8881cc3565dc749de518d251c01052d31cde64c576ee5c0562c7f1921e75ca8eccb87aecf963e7d7fff0099123a20be450d9c4a95b140078d4a8b0166077a9520c140f991fe6066dc143e0919039ee28967276b27f32f60bd9501cdb171e0b7b3e01ef0d9210004d2528f889abc5f768659e3507b7f4e271baf47fcb8ea60bf2d1b7e3d7d9b4ed6602a05f1c3f30155253784fb43390854a26886d7c4b0642ca6f9dde5cf4583832dccb1c256a69e366635599c6bb4ece48e90ba0cefbca25efc57b58c20c91606a62ee3130ad063f62a9cc5d1d851fe0163616d3065d6c188d436151912837da09105e5bf9e619a70b6a56bfde2ec2fb2e655c1a566e6256c8eef2b04856ff8981c7298647c8c4bd1de9b51cfbc064a6e14e4f7e7fc04589df12c00a61e7a0348f32afa0ccace2ef8465a4536ababc3503841752e85f1da5db518b9dc133f3071a852c2d5ef394960d7658c53cc1aa3b125c991f095858a02b5edfe02fb4aa79d97d6e728eeb99dd1a731c4396f23259a713c3d333e0c52eaaaaf7094cf22d41a22ada4711c780b845519578aaeafcccf47c4500cd38aef2ac334e4b973d89ecb89fe016c1610d1dbe1fbcb58c38bc17df7706445c3976fe0f8653dbaae0c2b0cb2b2f2bb86ab60b40efa9b91176ed03d8223de8412c6b577ec7b4a186874d6612eb0e59793e21ca6b07c07115dfda9ff0004399507d540f9985c7dc44e6354bae3dbd7a84829948e5d8f2ff712d8ceb8291e01882f099c0119ec128bc2a546ace1f47b9044bd96fbcc956dec2f73b4ccbc01c4398e28e4cb255efd89580bb45be7b54aedfb963afda1d79b36c35b1956ca8ca1ccfe55eef4164e532d6baf019556e3503a3f95af68750f79c23c9eb7a5ad0ece435edccb2c4b58705c0e0815415064bd3be610808ff9f86575991d1ef00e7de0f51b9332ed9054f831014d1ed502c205d71fed45c0ccf1f93e7aa80b03b97f902c0b5a728eb07f74c723da251cb78b1df22fe67ff2548d0709bcac7e7d5a85d7968e9c5d8f9a8540d471771b61b0b1b39e558a106a446f1cef19be1d4235d11f0b973295d1f2233ef7fb06678c058802c62e4f10151fe90797cc2eefe135c449bbc9446913bf40462e61f27661ef37769db3d7e10fcaadef9a0268f09a0f8784ff0028fd92f9e3bfa81a7ee09ed61cbccb4d0ba2ff00d704b176e52cf996807622b6637310c82c79324cc973e5100f80c41b80fec94790ff00e4a5ef1abf7c433c1431986c1b0f46d36eed11ece82417ab54c875ba71fc0f3f31cc411cf4af4899c82fc1b96c2cbea8614d4c82280c9f28fc93f27093f7b9ce1dda6372e5a655f07f5838b8457668ad120b41b181e13d27382318be581abe556ecb8360bc723c9e9f84b7db9d4f74ee5bb6e6d3ac9f9d47b3a2044d7960c73115c2878d7e23ff005455578398e0cf72a5f00c3840f95fc3cc2c1146c761ac3d8b03b2c9e177689bbe5b9596867c02ead71880f03ced2e6e69d84d6a614a3bab17bb07892c6f8883d0ac4a1f03fc608118cb97fb712c3a8ea9cd31cfda63aed2fb89737931eca6fd1d8d3345f1aacf96a71f203e4129f966ce7b5fe035fb22729757ef16768776edfc622e7f98bcba2650f64373986535b75ecfdb3bea0e4c40d01ab71d5bfe999793354b8d6a53b73e656cfd4737d9ed1a0fe44b00b4f19960b81da0b439ab83c1dd9780ebb5ee3b170fca095007ce1482bf3a8661b09e283fddcd22579832eee228310051afa49b46be003e625e054dd0e4fc4fd8045f448c089b77d0dccbd278703f0ebe398ce2d56a9e558af3711971cf56beed2ebf30d706c609400472a2832d757c947e0ab0818b2469458c29ef667443e6bbcaf3d8799400802bde1bbac26d1da727308d9c22e473a607e4161518019c3c9efa80cb18a4964177abbe1cdcba8c76aa35e38b276c4edff1a86288bfb46c740fd2746c8e699039994d7bb9791fb0f43a1ec1f14d5f2ab09729b5bcb7ddcc2f9bfda8de5f45cedd1e2659fcc26af631cfc6ba2ea5e4aaa7b15cc3775e59fc031071bc03abf8985c377cc064051b21e122aa5ff8aaaae2c64fc768c185ad03eea42600ebd42f1576dcd3570afbc35842661dee684a8b20ab8f31cd4a7094bfb5fd7465c3f99742f622b2fe83ac664242be532fc23dd5fc7a196f66bf2287f336983f7f87a71d2a768746c5b45d7bca997f3d358caa28a3ca798e691723f09281d1ac397896a370853c4bb959d5df3fba56f4c59331204a46d7e03e61f39530f13a3916bde5e5b4fc7a387426c82ba04c59d73ff4710cb3a8fc0a939583f29833891d20b3d084c6bf75acde547b92edcd6610332ba547480d6d2efdc8717dfa033368e854b001e1e903b9d7925107b4a30ecf6a63dfdf2e5fd27c5e2308b9d5550ec7848eb6ccf12aa3c62af0c570292e67bd9c7cabd12fa1c4d07761f43163b7f64ba60936ae5a15885b55b7c6bd08076dedf55fe0c76c279cda7bb50809513a19dfcab3e2710f03a25fc4d63c914c872e309f7d2624236eb64e02bc7cca1dd01ab75f825ec722784688cc349ed9bfc0935e31dcb337bca2b77107387f7a5d397da5c4f42fa7f138f10d478fee6cf7fe9136cdc988943ba2ea5f7e7d0b02957813fc9d04345fc832871ed3fe74efef0dc59a7f13c71afcf30ea2ee2d7f574a9a7cde3374057da59f04d4b54d41f632fe02bd829fba964df6989dc22f76bc3742bfb4cca11fb8972cf627c199eac0df1d2ef2f3fb46062767d07f41d0b11dbc4b8398a5a86ae610cee6d20bfe0f9bf40223a186183e59dc94933abe0e97599c0e27edcccc2f32a76f68e3e638ccfee57f531017f82e48428de41f78ce334c026aabd92c14e4cd7f664cc30d4909fb84c515607e6636d443fe8e21f76f50d3e0a25546399cce5e43f098add8de2676ecce218f07a304f723af32f2fb462dccfcb9d55b73cabe6b2ff69e80ef57b1354ff1d4084ae98632ff00e89beae624ad789b95c70e20bf7ff9b51c79ef36e3e2fa4f5343c3c62dfe7289e0cc9541e2e01778978c90f1ab7ccd3a27512643b6a7c4e465e710e1f0711da147e0a0f570f8cb2d5efd2e5cfe5166196acc3df7e4f50456d49bba03f6811ca0774fedfafd0ffb29abf0ccde9c3162a6f5afcb1fcce26677f8fe23d0717ef1661dabbf9b7fecbed9e238f3cc331661cbe3cffdd7024ec2dd88751bb2c9dbe7fba5b56b253e5e12aefc6a62b86f003dea91d82601078b4ff4455eec7e66054c00c5dcddbe65c5965f6f94141d560aa189798b065ef5b97dd27b87f3fafcd1072500c7e616fa5409a4731eda84172fb74ffa43b4afee7fc86c46e0dc7c233ff8e9a512ec516fdd2e757569bdfe19bfe17777c20078ca8dd2ae42f6d0256aab30089547680a3c0716817279c626e18baed34f9ca5f45926c3bb2e6ba32ddf40daf183c01846f0629bcc9ce3f99a87ebac4d7da0173e47ca2eff00318752e3dc1c1d1ff1d0d92b713f88edf78e1cf23f67f24660f06ba5d3c98a41525279f1f1059f972bc1155d11f972e39bb2bf98a79c41330946aa3f61072ee5a9f64ac7cbff005353bce3a0dce0232e5c5778d66163bed8fe630f00977085f47b18240bf7088d5fc7c3fad6616c3e0ff32b75da30843705872999780ef17e3114e3c32ff921b21ff63fd476c467baf84307d91ed056fe2a3a7bf88650fcc75ff58a6b0a1e788485a88ef9d4c409c76b54d50ab084e152cbdd61aef107400bf886a3fd707bce2556186909034be25c58c6cd3131535c4c0f194b3f1f4a8d646a12ea92f367f9d5fad21bc741bb18437d314f922d2183fb8bbea681e3fb865a875770b84a701fc2ec8e6bc43baf99846b0b70d59549127961f17c477d03db33b85fcd7fbfa258481beea07102fb1a7f31733f7cd66416816e713b215456b88a2bb620a03dd8ff0012d71e8c262667accadb0c312ede9b9fde87553dcb86bf5827715ddeff00eb34461d7023e3377c3ffa1007b422cdf687f13fe54f3d3fe4d1ff00d0dc1bceee3fefbf42f2583f23e066fa7b684fdd4be16ebfd931fd0fc66ffdeb13de003bd6664db11857625ef66b1283b313984d572cc6bf0835ce5e27313ce115b01f198b7bfcff00e458683c0955caa35b8ade97500e8dcf08939ce7f68c35a6f869fcfeb2cbf56d5f29fb5d0e8ea3da518d9f96543648bef3ca5ee12f7e6a3aae8f111825f727fbe61d4429e3a2e8f3055b685ca8da8ed82370655d9b9ffb3a6bfd749860cf2529bed996baff00812a0c2d5c9fc5a275f98b3d2ad419c2ee38154f2cc2c07b4b77891c12c969f6c41bf2c10354f443122040b0d8dcde630764a9f80fd615ff005f29f927421c46339dda5647fa93421175224e4980f088f7b227fef4bcc8f3476af612f46847ca011cbe8b7898b3b8e11ce51f0590dabeef9abfca286e52ae35eeb5d0aba31b5c4655fb12ac1fd91c43e8dba3aeb3ed37baa5dd34fb0fcfeb36358d9ee9b4ee3d9086fa3d159455c994adcf2417b42e0bc9d331e81ac7fa224a57a9c53848c770cc4ca943a0db0a53412c57209da52ca3e0358fb7466a6a74115cc26d2f0f78c04880981c5f1d3b7c622d26f752a08b8d4d9fda665bcc71a5d17da66eee3c61c7426a50c7e089ccf72a027f71007372f71561d0d0095b547c435f77ffda0008010203013f21f43b972e5cbff075faae5cbff03bfb8bff00015d17f68ff00b8fdd3d7d7a2fb5fe5f41f5f62ae95c1fb07af9e9a8afed92f843d71fa63e9a95f46f087ae3d1e3a92a57d8dbfc0443eab97f4188ae1ebaf59d0fa6a544fa27f80964126e54ae970ea1146beba893ac4228745e16ea6f2ecdc3a1dcdbd6f48152f1d1709e53b12e6bd4b216c843a2e727ae22a8b11890662644a9a74d4c933d043a057ae0663e810e9544cc5d04ae848f58f5ca22be9297041f4458f439f5ecb718baabe85b8913a9b61ebdaf45f4a892a5742a591a970c43ebec198f42f1c755743155d543fc039e3087404a45932747a5aff80dc4a3a1d49647a8b957f813b463f4952a54a81535ff0001171277ee244fa2ba85b98ff806c9532e2e5d32ce932e5cca0adc55c74870947af16e8a8824bb64ba8c758b8a1122c953a57aeb640a874b80698dc4690eb52ed4d87a3d1236e8b7ab96e880e847e8d6c625742ad12bfd2fd087a2d29f5114187d023f4918e6497411e7eed46fd2ca8f4bbc04afadfa2afa4a651292ad4afbe9e9157dc2f5b600fa0dcb82ca3efebe8a170903eed5f4610e82fa0122e195c7ef37f43170fbe3d0afa840dcc23d2e5dfde2c3ea423f410e8ca3d1fbe307ab8eb73fa4855e863f4e02cfd1997a1187e808c210ea31fd00f4487d047e84821083ac90d319b7de3eac090e8108ca9bc61bfbc7ab1fd7887e847a7317d31d39fb861f49fd78fd51c621f74c3e91faf3d0fd010608a69f5cfdb7ea489faddbf4ad90dcd7e8d7abf55fdcdbf5bbc3f4a70cd3e8d3a547ecdcbfa1fa07eb7687d2461f79bfd51df43f6c843e9d3f5bb43ea61f78269f48741fb63a1f56ff00acda1f590fb84d26bf43d251fb91e87da1f5f30fb847535fa1fb85eb9f45751f7bffda0008010303013f21f42a65a1d5a44ff05ae8d7e9b8dbfc133a2afa2fe94ca7fc036fa63f457d071fe019be8d4a952a57d2fafb6429082fe8a7d3f523d35f5ed7a5d2a8244756929292b1461c4a8972bf5d102511e8b2fa92fea031eb9b7439fa1eb72e5c3a10e3a18faded087a3163f45cb83d5a753eb64cba8c7e9a9503a12ae1a7fc00d3a9fb010c41ebd1d5462448c65cdc14b41d0cd204e63d5eb674b00d4c7a11507d4b94c104c64953a19c21b4f5b19cbb1cc259303a2ad4c39831c558402b96ef02a195704dc9eb653666e092512d6a02e92d05bd0354cab2b9267d306652e7d6d5329cf0ca3a0c2918b3d23d6b8f5f1739a2b7d73da111ea5f46695496459994cfa15f5c35ebc1431d1824e9b289125a32427244e8ba455f5fcc88108dba8acf18b6258e626dd19abd7d532f822e00c2e5ca7783d90348bef9503c4cb31cb3fc036e21d0383499553663a5a8b400a3a2e50472ff0080e5d2a3595c241da30d2650e8b9aff0126b7d15bea1d236970667fe0738078984ca57d05ae9d47fe0266d52ae73f432ea612c98c405b3621fe00b2c5c112a13284be8a995944d225c197ebccbe8aa0c530852e30f497e08ca87afbd6e2c4c18663a5470b658a25fafdcbfb08620999416cd087a1d2a1f4dfad3f4dcec22c9bc5e87d93d55fa1eb7d521f51af5c7e863d1874136fa184d7ee9ea6fd466a0dfe887a9bf70a7de9eb27a1a875a87dd3d1587de3f4b19707e83ee9eaa7e97a1d1e87dd3d68a1097d4fba7a2bfa43d030e8421f74f55108747adcb8743ef5fa1bfa1632fa3f49d0fb952bd0eff00569d0fb55e8cfe8c7d890fb27f84ebfa0f5b657d8ef1fb03e961e90744fb83acfa19bc7eeb0f4821fa027d21f69f5b63f54f43ffda000c0301000211031100001000000000000000000000000001173c0000000000000000000000000000000000000000000000000000241f94470000000000000000000000000000000000000000000000002cde15a61aa0000000000000000000000000000000000000000000000039ec98ff000ca0000000000000000000000000000000000000000000001298dd340aaa48000000000000000000000000000000000000000000002e8dfdfbcf6afa000000000000000000000000000000000000000000023a598e3ff6b5f400000000000000000000000000000000000000000007a714dd05e3f5980000000000000000000000000000000000000000000349288a960cd678000000000000000000000000000000000000000000025ef08791c82e90000000000000000000000000000000000000000000134630907c3b4240000000000000000000000000000000000000000000269023a626730200000000000000000000000000000000000000000000749dab15e406e2000000000000000000000000000000000000000000011b94eeec2750f3000000000000000000000000000000000000000000011633a584216aa600000000000000000000000000000000000000000004c29bc29369869c00000000000000000000000000000000000000000005d42f4b5924f658000000000000000000000000000000000000000000007bdad0d6171e1000000000000000000000000000000000000000000001b06da8be8e2e000000000000000000000000000000000000000000000e5d63389590200000000000000000000000000000000000000000000002bc2ce9ea01a0000000000000000000000000000000000000000000000317fab9df044000000000000000000000000000000000000000000000001e9198deac000000000000000000000000000000000000000000000002322451aaa0000000000000000000000000000000000000000000000002d6a7f3f340000000000000000000000000000000000000000000000048198fde505e0000000000000000000000000000000000000000000002709bc1196069e0000000000000000000000000000000000000000002369c47408900b4a8880000000000000000000000000000000000000131c273a0c09929288e7c8b000000000000000000000000000000000090d4621af04b251f0e6bd317fa0000000000000000000000000000022d65a69b79bed14395717481cbfe8000000000000000000000000001256b64e47ece28289f9e2fbb0402f2800000000000000000000000000be6935acfd831ed496c7e2bd60806270000000000000000000000000098db87fbefaf95e2aa8c327d2d800e2f80000000000000000000000000dba96ff7d3c5b07d009cb8f2b6209aab8000000000000000000000000791fedfeda8a3d0f7bfff00204b62491ca38000000000000000000000004baf70693b77e3f1b2746ed0fee4123467c000000000000000000000001ecedb633feff513f7b012a3b3c919b4264000000000000000000000019ddd97467fc7a17ccd9e5c8af9801ed80b8000000000000000000000016c6f85c1cf6fd1f580ec79819b0434f4b1c0000000000000000000000175964f71befb18136ee69201a034fb294400000000000000000000000f93ff00ff00db22970ff041d135c7c163e66adb800000000000000000000053e93b5dd2476c6aa3e0c20fadfc509e6c9c8000000000000000000000abc27f9ff4a7ef6dbf6144d76b6c6cb804e5c0000000000000000000009b657fb9cd6df7fba1b202145e5a8b3b0afa800000000000000000000073815c6dda2b6f2c63c75d40bb7aef605fd800000000000000000000062705a0bcb63eff00e3b7c14430fe3c8a741b65800000000000000000000f4f47c9bdc9f7f2dd389235edb76bff000033178000000000000000000022a44a2add37efe541905561db4d9a8610e2950000000001ffda0008010103013f10f41545c6db21e053920309284264edcfee1fd452b56ec4caf4e5ac7786ab5b768015d51b4c52b6c23b64689cf84e5a4288d4f2e134310b6a85d463972e01fb2727f82acc3154c8b6881a4d6702b504e3e17822303ea91ad52866459c0f12d62e0b49d6d6f72d68d59a000bfee3ea96af68506ddf686c4a5fa16bec719822539e149795e1f98060a540130430a66d82508d84c80c406f6ade2236496c6b113627f80aa17b475f61836dd81538360ccd190182c1410775a6d0f2eb30bcc94ba574eec56156eaad15a79ce2a0d994ed05feb12d4405405d5a7b9c28e088c685d36ba61add2f2f6256b640406c90c819c961f8860c65c612eb250d9b5cc6c59063da119ab05a230acc3695d21071cfb44a838aa44c268563d990fd81248d212a996833c1078e7d7c1fae0676cb0663c94141a05a0a736398af3c4d0e5f62db41d5880fdb0db68fc8db069a1bd3896fcab2520ae766d29ef82883a1744c3403e0b2cb9e00d6205c993e4211ce2b2aa3be596b06a15b89e090a9be326e0520a977f059b4d4aacd0d92267b8f825ac0d9b58c24f9ce04a2d026687889db5da2291b2b7ebd610c071830fb306746632c1c031eb024c1772f2c0b35341ecc3a301380c67b1939998097841f379c86d711b6b0834bd96597a84aa2aab0c2c78b4146d0028db4479e5097a7943a8e3219f12aa2ccd58a01ac38f97331c99849781390b2964d8fc6ee6a460e20e667150a4152c2939c3b3c798f664f6fe46b339a254550d019585b6d191904b04a0bcfae9030d58189043816325ee983280a04e455ef4843c5d55d67e40a55d19f7b9926b00a2c9559963f87303ab66d00ac2af1e2162d36c02a234710a658416420e1b6a0cc405af0ae4cb757aef18192b412d82956e2dc45cafd0926000d0e6a1602446822556c2cc3d4cdb2350a532333100b13942e2f3755c5434109925e530380bae6129474915d008ab5a58719ed13125d177f6aee38611423608fae3d9e4851a74a004f68d7758e339aab159522a732204d5146216db209640c19b4807cb98cf06d612561942c5d3c51e661f55a13806ca9ce3cb65ad4ca962f010a5f9a61c5471950c16fc460032dad6b1557ef1b3ddb6c0c5fb46095285cabca1b96e54a257b4d69a771e8b882b3a079357ccbcaf42087618796bde0910a5044b9152bf73d72af96d4156b863ac3ed1131569592bb6579fdb500676915b5d8db72d620a6a2ef5cb06082856aa51e104d99ad4129a815aa9598313064cce4b858853bcae97a4704fee6d6805680658d7344d6fa8d94c59706f6c30b10e37449b143069621642181b13dfd6cf9894a4f2addbf647aa402a6071bd34671de108190a56ce4aadb03911c1dd08b967120507ef0ad7316a5a3cea65c63c44d2532d002d982617502adbf8aef157b804238560bcb2b437034281780a2a31d9098f2c76d30be7d6c0cbbc135258219fc4afb1f5813423b1c110a0252959bc06eb8cb28a740dda2b51d02b105b76d4a8807885880a8e3033de7262a007a14b6cb474eeb983096d76b173467ce21ca1e08384d886917780bc420a0480a2eb83d6f73caf873f9978bdcc682d0552db1c4ae815da19680caba897a66a3dc25c08211944d19e4f683de538ba9852fe65c56ef98858c5e61845b21aa670da4aa94c3815e78a69547cecb44c998d8c6d5978e6051eb649514ee0e182f3a4720869a55b022ae4723b0e310c3a03f1c90aa68cc767ccca10b7e22d19996a58b46bbc2c40cedd432ff0028855a7d8e2547e4e9b5a1da91814c044a4b0308f27ae24cc7b52910bd8672e0f67c8e6229ac0c0abb8eacb0c13062f03bbed5cc33a8512a7c2c4e12bd5ffde08531c223376f72a6e8e223d236ff00e4b080d1510b573c6a38d14027d8b2defa8a29566ca7193389608cb759e5c0df6bb8194f01bc3e21c01568048e38ab7bcb1502028810a2b97e2339486599561669f5b3e1045d9769c5fbcbe56be5143c169ee83c5760154b79350239b66af8044d57281a1d51c409a2adabb958baf7cc05006d355588d29daa1e4ec680e24d83c41545b2b95185787984323c31a56b6ae481c57f30874535591b1fdfde211b86968aa2db0caf7b94c5b2e478b35443226c5da78daa669ecf90761dce2090695e3cdd6212806d5bf9d5507452076acafadb305121c683f106777a55b167605d40bccd27bdb8c86ef34c2f97bf6434264d526c39168edacc029827006e13cc1e22a305b6028045bba7dd2e7a7bac194ecc36c037ff009103520339e08c9c029177b824cd66eae5c1c65d83406d1fcd04bfaf25ae158bb4b37011a6ccb6e6e3cd4d401b1ba2024428d8b15f794417967cc10a17c1497bd4f206ff0067addfa1a2d8e58fc473afddac555ee21619052e41f90f32e0a2d42cb836bb555978a0a7f78edf961b20a5f2b360f9156b5a81379b9439c8c4680615ec432246149b02ae2fcc2bf6e8082b8b1a3ed1e2ab28157f0583ec64dd33665a1dc06baad639efa231b83782f6cb00aa2e895354df963798a980f2d0142072963f77ad9a25943ec4999b226d73977d42cde63b21d974c05868129e23814d2c3a80df097121529dd20dd17742471cc382a0c07151a67a18448c46561ef092e763150299752ecd302022d60dff009ad46d1d067b87e584180c0f07adbe3752c45fa62d00c3c6981477ecda16e8a63b0421459cc21c08905e860a16674c6a52f66f5150d0e1ef729aa93bcc139353002bc5d778594ccb7fdd438a097b9a52a62995542caa81a4e6bca3766d5355d55f34e61abf5c727593ebc8ecf3107ad4ce2b08071775e62a5db8dd7787504a78800e8196052796c7ed12fe45a6ace6604404095ef9c40d75b601920d1ed3ddf28020bc3f4f79bcde25e8d86da2616bcccbb02e2eb143b311022bc9c730ed1920221d8d00e0337c564a00405007aea5d4a7e45734e77f1b96082660606dba58405eea1dda80e4341e036bd899b969f9cca00d5f041c322d7f854eee2527e00271e537053b1c115cd9e1a60647e513801d4b4e553ab413c62a38d41be379b3f684ec0d23304705876a82963078dbe04a8468e1ecd9fb46a24200a66eedb15a5f5f17d0d85a5a85823bf31b030d604a654a299c1e2224bc5126c9bb6aae06301e47859c2f959ca38e3e6b020c8b14d5f1c4b493916a218c064720027c42c0e0ae05b81e16d4a2710670412059c40a006c171c0674b9d81c50aa9d1d727c64599a30536d89cd66f1ccb618c9c15baf861d9971e955c01656c06d806c02229c897246b5ebf6c54238f063833a3cb8b72f1016f128c875fbce110e98650ab442d6957706167070b704eecba77883745360c5c52181b70d4cc5e241c916baa2a260f15153380f2660108c8d3d6e6850285a5eaa008aaf69b58fd83410b206cbb31b99e165131b21db349329e5a6c775d519fe25b8e595b52c79c1fe0077bd9556d9192638ba789425f30ae593162942f999f11042077b5230a81b17778b1e61765b070c255c8d0634e6208763300281efb85db0870319b96b740135e035c400041b35a80f80ac7ec52d79a61f6230dc52ae83ab2e3da5a5ab0b0e42d55895fe000ef17f22582ea026a252c31a7bc6aacb6f6b009e09212a970d8f05a0fe209c695a64bef1458c3d8b8d924206859b76dd10a96da4ee4ffd4a7a2e6535de17b7b809a16792e15c32d294ba6f002cdc5dfa5c405587141b0cd4adf082534d00cff80dfbc092de28dee5593cc26400eccca0c9a6bd8064edbc062640de0a4c0ead347920250936a5d3c8d2d5ea2805763d9df11f22050ba2f7ddc31708670b02793715db751f9a57b2118df8ec2d2061b803f99aac367a1269ba20bb91cc2ec59780d1c6254d583ff77afd928480c40293423f165b03cc04c8a4d107500e65b5cce2d03987e5db47bd42f818702acd77f114fa106574114aef8f6bb48aba1ec15cb3df5035435da68b0029ff006a5b5a820164a14d0585c658db6aa5e2d260ded8d1c590286037cd9c77989d736a35a84116bed2ab10c09f99f2bcc71894169d57e0b18dd50f83ac0898cb24a235430b8c4edcf21322acefeb8e33da2f04220ae3b5ae52b82d0366c89931727400f9867b7da005c0325b729bc8f6787b306f5a850b5a1433e4cc142c8814bb072314347364e9ecd3f1175b85010b1976a9764ccee9514141502a63fec44e56be69417f72d990d41c5076302359c9e6e90dfc00094b192edb889400b5caba03bdc768ec4644e5dff6235a37de3edd8f964688f1cbb82f818a2c153083be7cda1ade3004b10c23eb6cc50074835a41c6f1623d4d056af05c06088ee5cc01b7c416ff00e8455ed532aabbd14d3c0df32b5829b7646470aaaef176ab395f6203e481b1f8259781e2c778e60eb4129461dea599c67416ade079667095b6ec2a9d3d9da385b9f3133f330c0f25c2038d821224003ba1b2ff008972629f6db4ce9d9911d0192c01d45d88bd4305e578d2fe60bdeb009dc163eaae0d5f88b2e41dfb557f7c166820aaca35ef215db451edcb2b02db834c19bb231ace7bc082f72af3fec65596e1bacce9f30c1a366cb2c390fda06c282612b52aacf27e18455db3b514ac1645e100f1dbe121cad76e25c9f2c9d86873b5a3984ae306e1b4f314fe102591d0e03c4628a0c6c7f5117042abb411fc091896abcc51d99dca4c99cbdbff00b0ed1cf7b8f78b05eedf70603dd09bb14022bd857793a3a3768bdcbbe6aa618f4cd2d625004065160a4a837e9cb5c3f898ae8191561d429b6468e0045d660aa13787cc508a0cda76b556233a207da3b25d46bfa8428f96fc87192262d65682e3d8082b97301caab5f73706014013bd97fce650869416cd2b7fd987b4201058bbdf3a22f2cea3e02aaa0fcf78b8861c7b62ef832c04e5175ac176eb545ce52cadcd147b4b4cd51169fbccc4641fb3997033fba8ddb8adb3e63582d24173730764d7863170e5470c706169e9fc0c3fde5b4c3495d3508c23569f2ab7ee4147d00bd792a852c7fa4c0e4aa1493ca9cd862d1f4850dc05708d03ba84109940845aa7a3e060ab1dcf6f63cc21e5315b1ca4abcb106d56dcbf9656814e8e17ff00a4d94abb5beec55dcbc2e782392acb2bc45f164e5906dcc7b61c410182f2a59b30572dff0013c2b41d975687c06e266b5114341b971650e6185b0b2865ef9813ba5806ed502c8e0daf606e6202c54280bc4a5aaa9b250d5cd7b1dd70890a1dca51bd73c50ef03dfaca99c276ef9ee406f8e8b97074c15f0daf64849ee1980abc3b95a7359dc05add39726511c904db8b851df446729009963f9cbe2e38670322a95f2cbcd3dc0946ba69dd43b836670fa2d86da9aedd99be185e41e51b0258471b3dd40be623fe12940674619ffa8c4165ab0ffc9ab5d5dbbc7d9962ad3bc0a853df8120fda5b4110d8e2002d5b196475a5bc6e3a0dd3de618349c65703233c98e9843006441ce3de537d8e41b62395c5bd49b4f7159a3307fdb202559c0d8cf261ed49246814436870cb13e6b6466ab04b52f38abfde35753962a26d2f0f542d6a0010312c456e5a5965290f08694a5056503761c261a95142fee7b4eea29163f7ed3dee10eeb25ed038b80005152377108af636fccaf3e12ac3a1a9dfc4d23017a3999d78076627f12d613ad848577b112b1addba152fc5d7a20b4707b4ab628fe3997c1cb033a4bb37e4dc53f6752b525b5dc7cb47cb50476159cc4b17c38f8dfef2e0825f3a8cbc9b4bbbd370e2acfc01830c5597a34af6a89b4cbbf889715f2be6e9b37c2f811c10e71c24ea9123ae93e94e2d688fe12c09bb5a2d54b78b6196a9505c1105119459c8b1b6d869c751cd7bc1684dbed3d9e2248c556a7cc6f5c18e2a72c14fb5bb08182402d2e4b371f5761808e98d411e31374dd652bbfc05f88c8a24ed5b017c53f082966f17073666e077808fbbf3c4e57c344bb7d1dc344bfc9a9a41a83d1007e19c272e9ac38abf9969d80abb17fb543dbd0d7121ba08634043c28cccebd0ef9dd6968725fbbaff92c37cf31c6e383896ef34aaba81454b2aed2b6d033fd994a56590abecc252af0c5e1e6a6ae327482daa4f69953da17f5bab84b6c55cba735c4a8d2ac552dad96ad705c0aa159e659ed4c7fe3b183f3841c328b1137989974d6a5c08b0ae30e104400aa58d5b2790875a448ba770b3cf6598952d10c34026e80353cc02bdcd4697669881e671e52a43169618b99794c6a875f2ba21c3366346ab7160c6971a84aab4bd4feb5ed33c32be1e269d383d5df0310c0365435e91ca535da595163af4232ed230de3f0e2b0f797bf1417c9a1f88b455e6105ad415c4d3bddfeef42d16c00e953ee2c7f508d1bc1178b886c948d07430a91389b29fdae6730a9fdceab4ca16b6c0bc8ca0ab0c64a9700b0dd73f885a80ba2eabcc3b48c3628a446b308ea10cc12bf24c2199b74a2d5249dc451498157b35f3ee45dce13c5305fe31c02ce555579cc4496a8f7dfc2477393bc2db5dc05276aafcc393bb53b268cdf99feb3b3f1292e683306acf33899a3347fbb10d7633c530bfcf16d9efe822b55b6c320fb3e85c090781a3f3d241855282b664df988eb740bc9b83f6850b0d11cad715fc42c81b50fcc3815b16e6a5997a37fd91103c1f69a33cca0b1929f660ac4a22b0656589831c9f18a291a3ca7618e7e60b00b0d7c454a94e7c41686592b55a31de2b3b6a8bbbed567e51e58a95bdd232e33a7d9606a68589a60ed289b001b0652f68b2d36da07fd3303c055cd68316bb3337aad0894d0f8cca1fc43f95dfc41458b4f20b33ef831ff007e262b52b9e7fa81ccda53fb6278b4fc431565e4771765102eb5084d660fb01b6866f8f416e9adf102781fb4ebe49136304a0ad5e21b0cfb00563218df3285ed8a992f2768a2573c4061e47f8610bf79c58ac1b1c8fe25b259bec130998e6eb34d5fb403911cbde64acaae3b4aaf65b69098219d9157bd73039b86bbdf771cff00b98c4a8285e692f5f37b940bc06386bcf132569d23e354a0b3558ee8d262f9b95a2a596f2be19901742d36dcc5dd054a0b41a6c9f785c4c0af04efff009321b59fb2a0332e5f13db0df611fc0473715c1c61f98bb33d9f8a8ca3bc2dc9b17f0d416b89e3894d5f7579b992daee8972dcc80327e50276ce7c430834c68ee4e4877183d0022de14a106fd0701028da5abced8e6ef984f9955eb24ec3879ab82bbaa83dfccaafc9fdc86c984f044548e09763b41c99abc3dee35dcbb860d7df995ac715fc443dab2f9ae251318b2503c42f79f1ccb8c0977aa79d5175ed99978409c9ff00b2c5d1e775dae31294b2efbea6c7c2566ea75c79dc869e6e0709017daaf117c1026444f8423e25a5a40da117f78fca00b5dddc183d047c517730319077cef663a88dd0c731145747eeff00e4169e37314d063dcb7f785db50e215af3155d726c71e65d297ce256adcc715c0879343014dee5154ea024257670f7f88358eb0a35b79d2fa00cee3eaca51f60f98b8176ae492cf808e5bef3670372e0a22bb6c7f0b89e0cb3d9c928eb92b3f981b770cd8775fe67036caba7ba35b7fd6e54eeba176d2b0772033003720bbf9dce07cc36db5cc4b0711356d01cac27cc348947115df87950d82dc8b67f39ff0054807087860fe2bfdc4adc602bca3cf696de012ddaad7b632d8d517c3e2567cc3ba73fcce11dddcca3e86c05ab6d147cc79c1ba6abe1817037c05d6372c00acfb8874cc1974e9602bc5d1e672e2d964b2d6df15a0f88621c3da5ed8c5bf9962837fbae3a7da5f96f3897b2a53d8f134ee1d9fcc43cc4c7e61e52ec559c15c0d7bd67a077327ebc03dd7181701a0e98bf136f79f84cc65340b5c587bcc861a7bc38ad0507827c12c370a02b65814aadcdb00ccf9ef11f5dd6d5ed4f06be20a143cbc3bfff0023654cd783de00b1a7bc31e0916db70285742686719b548b8a7bf981d6d0a3bac7614a25b069d115d34637747bf88825671b8ac3c42894ec61836ca786a838745565c40733617dae3e71ef29ff0058cd04c94ad3725f6e62b5e82df8fdfbc1ff006d44aaddd79ed2b8261f11cb53bbb2568ed03cc06a5517ab7c95286af32f8b2a30a97c40f55fcb06935e8432bd3e0a7c7ebc6f8e2e16ebcdaf988b076f53156e5d0aff00385ed94736220ba731dffa69343dcfdda80a5ea6353362bdbffb3188653030539a776642df0b1028da865efe20c1eedb001b26df0e47cc55441dc3d8ce27e58205801a451cfb335c469ed50b142bd2b3479f6d4db22ac0dca269cf680263cdda524182ee226aec174a10e2c0b290cd81efff00b1f30a3e339d4a0c4e6aabb9bf31cabd06612359ff009882aa6822085b57e2a69567bcbc4e28dc695595d9da62fcee6a556ef1014e563decb232ca5adc2209829dad5cc4ba547c697d827d9faf535e15d15366ad1c465d83441b96af0cadf3c454bb3dadeedf966e372aed01fccddf8afe225d7fa66231c98503b7fe22633e67e65c9d0a5e4f244bc95573c453da9f99a1ce93fdf10d08e870edde1dce269fa3f77af028ad0cbbc4053149e48fb2f00269ff00c219aaa15e2db1f19bc4c6705f2c99cb96ee6b6a62e44eb8affd8d0b8636a223c03ee0365e5529042bde4bcf8c95152029affe4379191ef944e276298365c0a2f768f938fde67c3bdf1593f78fe51691db155dea3621a58b36bac5f825f0b503e5aafde5965244f2104330190ea0a979945563128be940581c1c5bdb97f5c28365a1a57e22ac4cadb62cf98155394347b4371c01462bb15ff596d5b05079286e5be17b9665c0dbf04a4de324175f2e259c356d4437c0fe671b56a8560ed3d835d3ca3f896011d5d1e5dac6ae2fe41defde69be200104bb4894dfe66061c21641e453d78887da4f0e5d5e02e3d024f9c1baf8560214ad5cda7fb9a0bf6842fe17dae6041e3dbe799414f302abf9cde856bbf331406e787b5402c20936d5c5f6bca3b5ddb210da8719c3fb445f3303ef9234a89cdba8dcb1a37ff939983a2364e8dc06be49cf09df62cb38d9817bd4a69f10f6f98056712ed53e18dba2e62e1e33a35012514c954b7e2ebf5bdd0aaa2957cc9b685102b06306a33103f982e8e6529e1cc1d6d35dee29aa64bc2a7e48015aaccc5bbbff002514cde47d873fb4dd786d96bde2ff00a4e5ecfe61fc93508bef852bdf52829408bd9e7c4c5438f3e66a6cff00a30404a59e4a68f686a50594a6b51569f82550e2c877b2ff00c9709b5e92997b85430152f6ac0fc8c2b618e1977704460717c4b1d50f40a1b843bda27cbff2779c179a52f496a34d0b03615c1a7c4b60526c8173b5950f03ff00496363172a3822b37b1466cae658ba8833908bc1dea520ef45e22b76f20f37ff0091003c60c369ed305b9f1141a772c506b6c67691da22f66fb2dd3a29f87eb5ca046bdd18fc455b7a38fbc541ed98d969cb7128d980f6a94b0cdbbb7587c045445b6a1807bbe6177471098fda631e45fc5473678afee054d442c0e16192c68d709ecf109b2dd9ef0d2ca4c8efda350f66fc45601c5099d86eff0089619338a9570ef16253170a0e76ebd997d8820740a2669d1d91d2673280672373b3c9161ac4bc5afc50cb287c1ae0a991fb4e48c59fcc606c4a5b436abbb940b82d377aa60005a9b65f98d0550c8e7b4b194e528b5739d4cd6f1435e4b800031645bcde6211141ed19620037a259e64a2bdeffb8d9b5a98f0426d8ad4c05ef1504291008409a1b6877a0b288ad563f595993fb60ff08852c765f471f7eb81e6effa9a3ecf01ed82a070298f352ab61e4f085d6b22fcbff9305f76e1962bfbe5c9af3bf844a8585959fef308e381c9fda647060974eb932c0de4465531898a7b38ba5f989ed4aa5fe1a9fb0144f57bb66344aed29484d26216bdd914079c4f9b15eb71f0d934ab1ae60fbab008c069ec43976d930c46010a078799842d01b80b440a1970562a67a11ac3c7961f253c05ff00208bf6b43e461836081a28c7888711c5b72a6e4a19422446a56d7108dc0019e62d8af89e357ba0dd39da2c668368d7f03f59c615f7514a5835874e73fbd4d9e099e9a6a66a2da3b727ee41bc00f86108dc2aee180d5c57f39860eb281fbcc98ddddc1b2ce66c228562a2f2730a972b03df77f18f88d40b348db6727bc14bdf9ad5f89a00d8c263e6350bc22238550caf98b46d4e686b8e61a3903e131bcfc54742ebb4042b9836da8de91c50f7f1113a9d9401783455f68b1f552b46b02f16b73902ccf2223bee02b88c2644c8acae68af688c00b735f8c04713b8d03f8a89dbf209cd571dabc4a495430c8b4b50732e69eec6323888fb0e4f32d5ac12c172811f779cd44b742101ecb02d6be07eb2391aa6fcb0046ab57f1d39c181c9773213bc3018965acee3c42cc88dbbb83da196d684de0883ccd266f9c4119801da22cfec800f81f70d59e45fde21a4481f8752cbc02970e1a86b986d30068a93bd4e00706842975e6e609163cd07f99837de63637380cb9f1367b641ef1005693b6cb21db1253de9fa5f87958754669fda3a098a6ff12a57a02ee2176d3d91dd243f74bbcce73334103bd7895aff00596541e21006b48fb460bc6e00735005a6ea765a8763a88b43ca61f6cc59c437907dbfac29ddd094c84ad98b251ddcb1a6fc4cef89807673515f3b976a9acbbed0e07902fe62a16b5d697d88b045c0d345e738c4b1b7ef158c3b8c721f10bb26cd4b62ae38cede0e6002c29640c339788c5c583f291a4ac62786b329c35b823f350749951c002b06489c725045a518949c18036970a706daef2d8abe22d1119b72d89da6361db2cf6c2bc6236f98eeca2969e66d888a356983bbc4ba1836e55dee0a0a68e1b894ca25b6f21034d3f1165884b70c593f601dc684aa3678b8960cec1120d8b38a6ef9183420e6954da9d764ff0078601ab68dfdccb07b2925b42fde2bb0debc01cba1452d990fdbdbe7eeff00ffda0008010203013f10f42b2208d3a4920cff0082dd745599e84d420924ff0002da2b3133d2a54aa8b702ba5c18097ebeea21d05ba0cb8fd1506a221ebd7187729841972e5cb970a8b32f452fd75e82c10fa057e9216117324dc3d717304a52c978b2a54a952ba0d32e9c420d90f5bd22c5a74c4c540eb513ad130668750f5bd231e26dd17d157f4cc7d1d21eb7a74aa2ec8419e824254a8912318a0210f5b63163a810874194888b1631dae56e83d6d8aa69031d07d0a95d23944a89333a4f5bbe21a7a58210e82f084e131104c12cea2a6e652a8aa895bd6dac3715bcc573062b7301d029c302e652954090e223b92e308b89761e47ad86bef3118dad1cc65dd4018de505aa8286e2d08b4c5141707011b6c7154cdb885f7fadd912a12f979e8912a134468d415020d7107712d711a41535872cae3d6eae661da63a89996cc19818820b154370d300c2020237588ae399881eb9943998b2a6f2a330cc9835304ba6146024162e8f94af5ca1e6074e8a18cb9574b50a1d4c89610d860c2d8792002bd758738210b012c7a58a8e9d0b0b2168a315faf9b2a5148698f79b9d217681e199f1d3825e2aa16498df5f254c1ccec8ea2e661452c302d505e8372aa68aff0000c574d71c5b827318732a8ad8b196218bff00014b8e428c1101e9982661d0b8661ff01d8a886156052392a0422a2448662a02141e7fc01212e944771afe20e0c7b803a09b394e3b4518b12e245f5e34102aa04cc543169ac8f04da17092fa5db22315010ae76c7112cadb2257ad5c7f6421506e5c21472412bac754c093308729660072431d04b5e9155b89711c4bf5548e56092a08212e0e330db14ca9246903a381b1dca97161d074abe90f6c4225c4a97e9ea823cc2238ea3329d2e5cb94c4b8553896eaa0858b20dca94c0892be9bf11b71021318d4d811c35e920b04e3a6242a1f51e9704a8cb11db31cb8966e14c4cf2258df5e3a54a653f55cc301e27207a389d4bf7004ae952be9b8ac8ca656864a20d934e86e4c847dfa71f745c387d1154337007d6c3e833081433080c51c8ac9b956229d10278d415f6cd4e60b204f435c94103ee8b6a58e851835d21a956a2af5e0c30438fb66a73289767d0ce581881d4fb4e98ae3a843a78c15706534e9b4599afdb35399a4b08fa16f0204a95f6c8ba8ea1163820dcace5ea9c4771e66bf6c8c62467e89bf74978e8e19c7462740960bb8ea2666f35fb66a3b8ea0d4288c3d02b2297f78d4ca19910cd269043764c1624de6bf6ee24d3a0254a1f400b6628150fb6c3a1d18a3c432c20ae9b25c10450beee9d70dfa01ccd204afbd7025c4c1eab199c28415f7a0ea1f43320a6bf5f6e7a4fbeb53040b2388ba690232a208c1b21f60afa349ac7a3d2a6ff5f51021f6ea1d52fa3021a62871d2a2622e7e7a2b3f6ce22e2604be8ca96feb82d941f48fb1c43e8553247ab95b52b0422e21ce32bebdf558b369c7d2ee650d7a003edde273f41084708ca483182dc5b84dbecaa3823beb5f40afd685fe8d20c78e8149d45b959963736faee2cc6369cc3509a7d0dbf45aafb86e63042b10d75d60cc87136fad8c6315df46d1d7d2b8fd753e9d23bfbbb4c5d33ae44c8e9dbeb7a31d666b0e875f48afd761f4ba8bee9f573a89bba5b7d6f463ba9a75b1fa067d0e3a9690beec8e73643abc4042cfd97a369a752b330f28c60236fdefffda0008010303013f10f421b882c46079657bc16a20d3fe0b6752ecb00944b08f45554e6443512bfc042e5d33e614d4a62545afa011aa88d919f8ff00001700970ac4c741713bca810e84944b30894fafbe530231e8b46dd22b95186662018fb3d7956a10987443ed1bc144389ece87c63e33808ebfc02c2462284f3d56c612741a7a0254564972a52a977d70db0625cf48fb4be930b2e2e81835d34371f5e587483516e31cb8bd5254b99740efa433eb6a8c5a80b1c3d428b165f41d11167a576c588f2fadba48f0873053318a3189121074a4de1533492a239f5c5610372d6189f42a188241817d26465bf5d2a42a31622c63e2391bb30244c2b01d08b806d82471b86a65176b5f8979e9f5be2604168d543990cc189630742aed01d908810513c6caf6ca34c07a758c182e57d6c9eed4b8a894e3b8d157a3304e3a31c289895170ef10126b3107309cd84bb99c25e8f6180f5b1469c4b05abb823082ba67328cc030368a6fa28a252416b6a398da366255c54a46d25ebd6e81f3008f4445e0c20e8d0e5967715416e6b1d1153858860c0cae826c5da5fbeb7713bb8303c306624532eb1d870c890f844cac6235c63d02957528436cbf5c6078e6060a04b482400b60c59a611c4bcb2e5ba8f23d2fa234307a876df5d1882ca8b2822065c95f4b041980e989d456d15c1b65e7d7d40ca86124a8d3039b14f1270922a90b25ed51b8ec239a82c8d8ccd1ebeca5e11625aafb4bd71b0b980adaaee0c8bb976cdb129a8d4178c25aa6105e2b1ff005247a46c54451348ce48875fc4432011444e5d2c236563fc055371e23a070e221cf41eaa3e5c4d250663636ff0080dd4223bc1317da222bd12e2021439d4aa67980bff02d4e84008c41d41d1ac406e3aa21c911a6a32869991ebfc4ba35094d5a48dcccd2b538bd114cd83006e159597f8884e0e8bf5d51ca0c34aa83f0b012ce85261c4579843382238fee843c74372bd66ba2d45644ccd743e2b71eda4b13e8c311311174743984081881f457aa54d7516e317316fab72c2aa5671637e513b509672f45d055162095d5e81e952a57a83a8ca60461fa1f318e040602c352df41eb35d0964b22e27336964b972c964b3d3f6fa0477d4e65f49c2efa8d43332fba3d32faedf49531628ae55c08328c3a28f71dfdd6de92ebed6915339fa05c0de6c75b97163edbb8ea2cc7d0ce8232a3f65e9a4de1bfa4620a3e9057a888b065b2fee0ccafa1e23a82574a8a86beddc4c753e847df1ebbd45c1883aa9920f4e669f6ea5cdba3e8692abeeb32983f4eb0d412a2a979fbcdbd15fbeea6d1fa2a8ecea5dc3734fbbb4af453f7f083702fa28ad9822eada69fa03e8045a8b7fa0c534e8b8ee730c420e81b9a7d7707e91ae8af413f44389830151d4352ba139e83734fa88547a85cb74054bf416916ff0042ea1cf46690e8751b9a7d8a6532d02bd1440afd0d5ca99674d21d0ea36c0c7d57d34f47255c4afd09f43486ba11835336563e8a7d9307e87f5cb16fe83a05fdb61b21846690e8462c7f4357292abae92fad746df43fad3abf469d28fba334ea3e84afeb21a8743a6936f4123d1fa4a690fb62fa69d46fa05b2a97f43d0e86a6d1faaff5e47a3f466118fdc89ac35d0df4103138fab30d4cfd07d247efff00ffd9, 'image/jpeg');
INSERT INTO `tb_usuario` (`id_usuario`, `nome`, `senha`, `email`, `id_lingua`, `avatar`, `avatar_tipo`) VALUES
(66, 'Pedro.G', '', 'pedronobremota@gmail.com', 1, 0xffd8ffe000104a46494600010100000100010000ffdb0084000302020d0a080e0a0a0a09080a0a0b080a0b0a0a0a0b090d0a080d0b080a080d080d0a080a080a0b0a0a080a080a0a080a080a0a0d0d080b0d0a080d0b080a08010304040605060a06060a0d0e0a0d0e0d0d0d0d0d0f0d0d0d0d0d0d0d0d0d0d0d0d0d0d0d0d0d0d0d0d0d0d0d0d0d0d0d0d0d0d0d0d0d0d0d0d0d0d0d0d0d0d0dffc00011080060006003011100021101031101ffc4001c0000020301010101000000000000000000060705080904030200ffc4003d10000201020502030603050705010000000102030411000512213106410713510822617181a11432914252b1d1f00923627292a2c124334382c215ffc4001b01000203010101000000000000000000000304010205000607ffc4002c110002020103030303030500000000000000010211031221310441511361810522710691b1143242e1f0ffda000c03010002110311003f00bca23fa6361ee8cf327ffb41bc425a8cf7cb455ffa58969cc80dfcc72cce41e47f77aadcf25c102c3029ba6318bfb4aab515207008f5f861761d1d7074f48543696b3588db91f0fd30beb08a0d9fa7e9b702fa5bea311acbfa4cf24c91bbdf8febf862fa8ef4d9e5252db6c5d3d80b547b53c9832e0ab2732aad0bb96653b0b8f4e7f88c5d48a4a364f74d5685983807e4bdefb7cc5fe1f4b76ea2122f37b22754c9525a9f4bb462cdacf110b1dafc31623717bdec48dd89623c0092a65c4cb721541b0dfd4f27faf862c504efb66f8a869720a8f20c90d5388e108c1a09a3491d526915645592c919765740c84d8863b1c0213be0b56fb9929d5f2234a585ca9375b93702e7f3eadc9f5bfd36b629276ec69127e12f87a730ad546b885017908e4a2e9016fd8b92003e81fd30a6490ce1c5a9974293c3a8d542aa28b000587038db0b34f935a308d02fd4fe172b76fb5f03dc35445e577847a2f617fb6df7c436ec8f4d0bdce3c38284edcedebff1fcb048e41196101331c9ca37a61a84f6129c299cc56d6c1a2ec0b44ad0ce3eb6be0c983b3477fb3cfac3cfa5929dca97a7119521402626d63df20eeca401ea0117c1e2a901c9c972120c5811977d6bed41993e5d265f994b1e694ce0e992a6355a9a771611b53cd12a162b637fc54750d202c0b80765fd2d0ed17d76542cc989737e0f6e7e0b813dc657058df05eba3cba98b4976966d3236852de5c76b46a481cee5adcee4f16c2af1b9bf646a629ac51f2c2e9fdaad14d969e465e2e4aa93f4dec3e67045049502f5e57c053d35e2fc757f954a1eea7907f81185a71f03b0cb7c9e9d5758aa2e7b6ff004b61663a848f5478a08010135f6b5edb77f5c1218d79119e5a5542eeb7aba29398981dfd0fcbd0fdb0c249771479756d470d565cad19741664dc83ce9e2f6c120f7a0524ab621f2f717c342948d2dfecfeeb3a4fc3fe162558ea990b3d999da40b6d6cf750abc8202b116b7076c32b8179f25d1487160662978f5d70b2b2b46b60c5b50eddad8b6795551dd3abbb12f221670bc12428e3724855e37bdce3364fb8fe9ba45e6e91e8c8e08238c81a995751d2092c46fcdbd2c2fb0f5c2cb2d9af1c4a280df1052963729781dc1dd3cc42c0fc46d63f0c0a57176895a423f0972e86402548d458853b58dffe4608a4a8b684dec4cf8b34aa09207bb6184324edec36a3a5515ea4ca63692cda231eac42f7f53dfe02f82e24e6857254499a7a2a607446f133824150c09d40d8820f7079e2c7049c64b92b1941f07cd4f43ac8ac576650c08b5ae2c6e303c53a74ca66c49ee84964a0165b826f6d873bf16d8efbfc71b295188cd1ef608f02a58645cc645312b432c6b72a4c81d95b60a4d946907531566207ba061aed4026ed97982e2a42301aa2af5ad89bfcfed8a39dec4c7ede0e5e90c84b665045bdcd453120feeeb473fecf7bf9611c8f91fc5bc97e5177fc4be81799534cb24518b1708a4975fdd25183853fb5a48278b8c298e8d7c9172e046f54782c64aa0d024c630102c663f2e38941d5a50c962b19766934286dd9ed7be0d2c97c700174ddc7cf84be1e0a55d3724bb17617d831b5c4636d2bb7000f5b6e70ae49f61ec38f4f24a7881480a91a6e0f7b71851ee3d22bb7547473072e8359d0c877b7b8d70749ec77e458f1bf186f0e4d26666c6a40a64dd140060c92b3b822f22162a6f762ac362c480751b9183cb35bdc147a688d8e81e9b745f7cb3f6bb73a6d617f5b717c2eda72b2ed6d4cad35749e5543a71e54b220f92b90bf6031af07b1873856c6d07b2b798720a469804778564d211a3b2b5cc775662c0e822fc03c80a2c038d6e26c6d5f1520c0ac872233544502f33cd0400f1ef4b22440f6e0bdfb60093e43bae062741c426ea159620648cd754e997b1808ab34e5ac020d6a884101476005ed84fa9fb57e477a54a525ec5fc87290d18ff9c228f4492385fa75177231db9d62efa8bc72a4a2aa5a791bfbe976175720bb6ca2ea0aaee6c35118a2f60b29462d27dc09f11bc7148632d26ab6ab5950b9bdae6f61603e2c5471bee3018dcdd2272c9415cac87c87aae2aa8d648d594b1fcac2d71bdf6ec7ec711ec0eae3613d1e4887b01892ba6b744e4595016031740f345515e7a0bc257cc3a9bf0ea13cb7adbcbe6315534ea7cea9525417bbc11c88ba6c7515dd3f32ec62c914e317cbbfe1985970cb4ca7d91b1b4910550abb2a80a3fca2c17ec31a264a3dbcdc71262c7496551d31cbea886695a1cdf32956f70b1522d4be5ac836d3ae5a191c313ef1d236b0c095341523bfd9d81818ceccab08928a8ecd7bbd44a2a5a03191b5e214ac1c1b7bb28230a751894d6dd86ba5c8e193f25e3cbf3d1a319519763d42e0fa9aa350dced8ba2ac5a67fd1ebe7f9e02b5ae6fa41653b83e5b117536245c6fce2d496e4fa9d85c673912bc84aa90493724dffd57e7eb855c53615cd91f90650b1313c13f2161e800000c46c09e4bd89f4ccb4f06ff00cb146cba913f9566ba980f88c745b4c165e0717b1ff85e0d4b66136fa4ce900b5aecfac48e2e2e74237920f04993f771a9d2626e5adfc191d767a82c4be7dcb52d3e369180d1f5e762494648f5574e223ad2de559bff00cbcbf2cf31591635412d24951656505dde632abaf9a0323b26c486c0618b6bbff904949ada85df54660d4594d3a8224d799e65541c02b75a414d47169059ac247927900b9d17b7bfb9c29296dfb8c456e9970b20cf4490ac8a6e1955d6ddc1008c62c7667aa8bd90259af8a8c93b06593cb43605519efb0fdd07b9ef8653f080b7a895a7eb69a78d8c34b25945f538ff00e6e2dffb1c5d424c3c31a4d3012b739a95d4569c023926d6b7c3fbcb7e9812c529703f2c2a3c82151d612dfdf816e6fc30527d6c0dc1fb6265d3492b10c8d27b1cfd3b9cbb4bbab2ab5ec1ad70bbf362461496c562ec6ef87b9499aa6389797655bdaf61dcfd05d8fcb17e9e3ae7a41f51351836cbad9074988d5544b259028555b44a00e2da143feae7f8e3d3c60a2a91e35ceddb0c56a7172351f7f8ac496462075a75a99164aa8e4944b579ad6324aaeca529a148d9153705757e3909dae7425ec545f2f53f3dc7147b3f072f8af269a6a2807e58b2f825b6fb4b532cf572f3ea24888ed6b5b6c73e0af71d5eccbe2097a314ee7df80955dff343ca7fa35797df60a7be33b2c34cafb1bbd365b5a7c0f4ca4817b81bfd6f8884bb0e2891d9f67fe5a9d11eff00e162b7f98e30479251e03c64d0b9cd33c98fec73fe2361f6c2fea4861e76fb03f49031935320bfa924dbe572715f51bdac565f76e4b34601dbb7f470194932895165bd987a38ef56e0db748afdcffe461f2b6807e2fe98d9e8316dea3f8307ea59f7f4d7c96316bec2e4d80ee761f5bed8d9b3123b83bd49e35525347ae6aa842ea09ee379adaec4db4c7adb804f16db9f51ca715dcbe87e0187f6b1cbadb543b7c04135fef181fa9c57d5884f4e4644f5721482922247bb4a662a3b3cf3d44809dafa9a014e0dfb2adb6b139c87688dce6be49cea6d7332ac6acc1756945509103a174a8088146c2f6bee75132e496cd9c90e1f003c22cc2ab4cd4501540ec3f133b2d3c17170ca59c87906da18409290763a6c4847a9fa874d823a72cb7f0b9098b0e594f5e32cd2ab46e6297479884ab683a94b29b368242965b836242922c6c38c2587229c549706fbbd347cd415e4d88feb9c1eece8bec0ce799b2f00628cbae4170d77f8600dda39ad8f7a59019153d481ebdc7f56c2791d26cb45345afcf3a2e95fcb81c5440a5a485248aa1e022e03436d368596c193fbe89994d812d662de6f17d67a9c52694ad787c15cbd1e3c9bb5b8b7ebcf65389d144798d5ead32332542473dcaf2a9a4d3857163f98b86b5aea79d28fea09ff009c1311fe813e18adea1f629cc22264a76a7af5b7bab1ca6195c164dc25405840507538fc41b0be9d76df6707d77a79ed2b5f9e3f75bbfd84b274935c03f9e78119953dfcca0a97000f7a10b5008b7ecf90d2127b1160c3d38bbb1ebfa79ef19af9ff0060bd29ae50cee85f624a215425af924ac2129e248143450a88a18a14f3181134c488751ffb286e414618f2bd5fea29cae381695e5f3f0a8d5c7f4fa573dfd87ed25325083052a454d120da3863589003ef7e55502e49b924124924926e71e5a5d464c92729c9dfe59af1c50d2b640ad0e765e77d6ccddfde3b69b7ecf6e79c0e4db77fcee371c692a4252bb33f3879bc1725c7c031247d8db1f4ae9d69c518fb19735f7304f33cf644b82a5c762bbfea39fd2f8622fc82d3bd81b9af57d89bab0e3b1189d4724ec8fa0ce9ddae0695f5e3f4fe780cdd30bc84396d4693aafb837bfc4614c9bc5fe0bd164faa3afd92a2205895f320250ee3495903737eec0ed6e31e09c3ee6fdc7b4edf01378859fa874677755506ec06ab8b12031bdefb8dc86dbe431440631d8f5ebaf134d3c30cd624000c4c8eca5ae06a5905b4d8000f20dedb7e6c4a572a05a6c95a1f13ddd0b46e5bcc462a09e1edc71eb8b4956c5142cf5cd33b90adde48edb1b226937ded725dbe5eee9c2977c8cc100f5fd48e627959b510ba3fddb7d86d7c77e0634ae0e5e979b55a426e48603e036bdff4c5ac3c5ee272867d29a7ba168cff00990946fba63e9bd3cb54232f28c69f2ce1ac37fbe0cd360d80d9fd1b5f9dbfab62924c95dce5a6200df9c0a45fb133933eb9913f79d45bfc3cb7e8a09c21d46471c7297b04c6ada4c76f5e65b78a19bb97087e9a994ff11f418f158e4f73413de82eeb5f7e889e4e907fdb894f717e0858730f3f2508d6668fdddf7b5b823b823818b49e9983927aac89f0db30217413f95ae3e5df1197765d1fffd9, 'image/jpeg'),
(67, 'Teste10', '$2y$10$PY3ZdgyyyPXqknLndsVgquZG8kHEHt614LoZHwHgGbWrg6SM8w82S', 'teste10@gmail.com', 1, NULL, NULL),
(68, 'teste11', '$2y$10$0vMBeFrW584fs1BVFUefL.Fn3qFqoUtGny6It1QcIN61LvysssjMi', 'teste11@gmail.com', 4, NULL, NULL),
(69, 'teste12', '$2y$10$OOm2hw8B2ksJPJsC//KSeeYhBjbEIDPzRzqJjVcl1g/dhabWxzXuC', 'teste12@gmail.com', 4, NULL, NULL);

-- --------------------------------------------------------

--
-- Estrutura para tabela `tb_usuario_preferencia`
--

CREATE TABLE `tb_usuario_preferencia` (
  `id_usuario` int(11) NOT NULL,
  `id_preferencia` int(11) NOT NULL
) ENGINE=InnoDB DEFAULT CHARSET=utf8mb4 COLLATE=utf8mb4_unicode_ci;

--
-- Despejando dados para a tabela `tb_usuario_preferencia`
--

INSERT INTO `tb_usuario_preferencia` (`id_usuario`, `id_preferencia`) VALUES
(1, 2),
(1, 3),
(1, 4),
(10, 1),
(10, 3),
(10, 4),
(13, 1),
(13, 4),
(13, 7),
(18, 1),
(18, 3),
(18, 5),
(19, 1),
(19, 4),
(19, 5),
(26, 2),
(26, 3),
(26, 4),
(43, 2),
(43, 4),
(43, 5),
(47, 2),
(47, 3),
(47, 4),
(48, 3),
(48, 4),
(48, 5),
(50, 2),
(50, 3),
(50, 6),
(58, 1),
(58, 2),
(58, 3),
(60, 1),
(60, 2),
(60, 3),
(61, 1),
(61, 2),
(61, 3),
(62, 1),
(62, 2),
(62, 3),
(63, 1),
(63, 4),
(63, 5),
(64, 2),
(64, 6),
(64, 7),
(65, 1),
(65, 2),
(65, 3),
(66, 1),
(66, 3),
(66, 4),
(67, 1),
(67, 4),
(67, 5),
(68, 1),
(68, 3),
(68, 5),
(69, 2),
(69, 5),
(69, 8);

--
-- Índices para tabelas despejadas
--

--
-- Índices de tabela `tb_avaliacoes`
--
ALTER TABLE `tb_avaliacoes`
  ADD PRIMARY KEY (`id_avaliacao`),
  ADD KEY `id_usuario` (`id_usuario`);

--
-- Índices de tabela `tb_lingua`
--
ALTER TABLE `tb_lingua`
  ADD PRIMARY KEY (`id_lingua`);

--
-- Índices de tabela `tb_preferencias`
--
ALTER TABLE `tb_preferencias`
  ADD PRIMARY KEY (`id_preferencia`);

--
-- Índices de tabela `tb_reset_senha`
--
ALTER TABLE `tb_reset_senha`
  ADD PRIMARY KEY (`id`),
  ADD KEY `id_usuario` (`id_usuario`);

--
-- Índices de tabela `tb_usuario`
--
ALTER TABLE `tb_usuario`
  ADD PRIMARY KEY (`id_usuario`),
  ADD KEY `idx_nome` (`nome`),
  ADD KEY `idx_email` (`email`),
  ADD KEY `fk_usuario_lingua` (`id_lingua`);

--
-- Índices de tabela `tb_usuario_preferencia`
--
ALTER TABLE `tb_usuario_preferencia`
  ADD PRIMARY KEY (`id_usuario`,`id_preferencia`),
  ADD KEY `id_preferencia` (`id_preferencia`);

--
-- AUTO_INCREMENT para tabelas despejadas
--

--
-- AUTO_INCREMENT de tabela `tb_avaliacoes`
--
ALTER TABLE `tb_avaliacoes`
  MODIFY `id_avaliacao` int(11) NOT NULL AUTO_INCREMENT, AUTO_INCREMENT=4;

--
-- AUTO_INCREMENT de tabela `tb_lingua`
--
ALTER TABLE `tb_lingua`
  MODIFY `id_lingua` int(11) NOT NULL AUTO_INCREMENT, AUTO_INCREMENT=5;

--
-- AUTO_INCREMENT de tabela `tb_reset_senha`
--
ALTER TABLE `tb_reset_senha`
  MODIFY `id` int(11) NOT NULL AUTO_INCREMENT, AUTO_INCREMENT=19;

--
-- AUTO_INCREMENT de tabela `tb_usuario`
--
ALTER TABLE `tb_usuario`
  MODIFY `id_usuario` int(11) NOT NULL AUTO_INCREMENT, AUTO_INCREMENT=70;

--
-- Restrições para tabelas despejadas
--

--
-- Restrições para tabelas `tb_avaliacoes`
--
ALTER TABLE `tb_avaliacoes`
  ADD CONSTRAINT `tb_avaliacoes_ibfk_1` FOREIGN KEY (`id_usuario`) REFERENCES `tb_usuario` (`id_usuario`);

--
-- Restrições para tabelas `tb_reset_senha`
--
ALTER TABLE `tb_reset_senha`
  ADD CONSTRAINT `tb_reset_senha_ibfk_1` FOREIGN KEY (`id_usuario`) REFERENCES `tb_usuario` (`id_usuario`) ON DELETE CASCADE;

--
-- Restrições para tabelas `tb_usuario`
--
ALTER TABLE `tb_usuario`
  ADD CONSTRAINT `fk_usuario_lingua` FOREIGN KEY (`id_lingua`) REFERENCES `tb_lingua` (`id_lingua`);

--
-- Restrições para tabelas `tb_usuario_preferencia`
--
ALTER TABLE `tb_usuario_preferencia`
  ADD CONSTRAINT `tb_usuario_preferencia_ibfk_1` FOREIGN KEY (`id_usuario`) REFERENCES `tb_usuario` (`id_usuario`),
  ADD CONSTRAINT `tb_usuario_preferencia_ibfk_2` FOREIGN KEY (`id_preferencia`) REFERENCES `tb_preferencias` (`id_preferencia`);
COMMIT;

/*!40101 SET CHARACTER_SET_CLIENT=@OLD_CHARACTER_SET_CLIENT */;
/*!40101 SET CHARACTER_SET_RESULTS=@OLD_CHARACTER_SET_RESULTS */;
/*!40101 SET COLLATION_CONNECTION=@OLD_COLLATION_CONNECTION */;
